date,date,total_ed_attendance,total_admissions_from_ed,air_temp_ave,air_temp_min,air_temp_max,relative_humidity_percrh,pm10_ugm3,pm2_5_ugm3,nitrogen_dioxide_ug_m3,nitric_oxide_ug_m3,ozone_ug_m3,sulphur_dioxide_ug_m3,pos_virus_perc,phe_resp_virus_tests_total
2014-06-04,2014-06-04,12,3,10.83,8.4,13.9,75.5,9.0,6.0,30.0,11.0,41.0,2.0,0.16666666666666666,6
2014-06-05,2014-06-05,7,3,12.43,9.0,15.6,71.9,15.0,9.0,30.0,13.0,41.0,2.0,0.0,4
2014-06-06,2014-06-06,6,4,16.5,10.4,21.4,79.1,19.0,11.0,30.0,10.0,54.0,2.0,0.0,4
2014-06-07,2014-06-07,12,7,17.02,14.6,19.4,68.3,22.0,14.0,35.0,11.0,47.0,2.0,0.09090909090909091,11
2014-06-08,2014-06-08,13,9,17.4,13.4,21.3,83.2,14.0,10.0,23.0,6.0,47.0,1.0,0.0,0
2014-06-09,2014-06-09,8,4,17.0,14.9,21.2,84.2,17.0,11.0,37.0,12.0,34.0,2.0,0.0,0
2014-06-10,2014-06-10,13,10,15.1,13.2,16.8,70.4,18.0,10.0,23.0,8.0,49.0,2.0,0.5,6
2014-06-11,2014-06-11,9,3,15.4,12.3,18.1,69.9,21.0,12.0,24.0,9.0,45.0,1.0,0.0,0
2014-06-12,2014-06-12,14,8,16.4,12.5,21.0,63.5,20.0,13.0,36.0,11.0,52.0,2.0,0.5555555555555556,9
2014-06-13,2014-06-13,7,6,16.0,14.0,21.3,63.4,18.0,13.0,26.0,7.0,51.0,2.0,0.0,0
2014-06-14,2014-06-14,14,10,16.0,14.0,21.3,64.1,14.0,11.0,13.0,2.0,48.0,2.0,0.13333333333333333,15
2014-06-15,2014-06-15,11,9,16.0,14.0,21.3,76.5,9.0,7.0,8.0,2.0,43.0,1.0,0.0,0
2014-06-16,2014-06-16,19,13,16.0,14.0,21.3,40.2,13.0,9.0,16.0,3.0,39.0,2.0,0.14285714285714285,7
2014-06-17,2014-06-17,9,5,19.8,19.1,20.4,66.6,17.0,10.0,14.0,3.0,52.0,1.0,0.1,10
2014-06-18,2014-06-18,8,3,17.9,14.7,21.9,70.0,12.0,9.0,19.0,9.0,33.0,1.0,0.5555555555555556,9
2014-06-19,2014-06-19,10,7,20.6,18.1,22.9,69.9,19.0,15.0,20.0,17.0,25.0,2.0,0.25,8
2014-06-20,2014-06-20,12,10,16.9,14.6,18.7,70.3,17.0,12.0,26.0,15.0,31.0,2.0,0.0,0
2014-06-21,2014-06-21,19,14,19.9,19.4,20.8,78.7,18.0,13.0,33.0,11.0,45.0,2.0,0.2,10
2014-06-22,2014-06-22,8,1,19.9,19.4,20.8,81.1,22.0,17.0,26.0,5.0,59.0,2.0,0.0,0
2014-06-23,2014-06-23,15,9,20.0,17.5,22.1,73.4,18.0,14.0,36.0,13.0,41.0,3.0,0.07692307692307693,13
2014-06-24,2014-06-24,7,4,18.4,17.7,19.4,70.8,17.0,13.0,16.0,3.0,53.0,2.0,0.5,2
2014-06-25,2014-06-25,9,6,15.6,15.1,16.1,74.2,13.0,8.0,21.0,6.0,53.0,2.0,0.16666666666666666,6
2014-06-26,2014-06-26,6,3,15.6,15.1,16.1,75.0,19.0,12.0,32.0,9.0,54.0,2.0,0.2222222222222222,9
2014-06-27,2014-06-27,8,5,15.6,15.1,16.1,70.4,17.0,10.0,18.0,9.0,43.0,1.0,0.14285714285714285,7
2014-06-28,2014-06-28,14,9,15.6,15.1,16.1,82.8,14.0,9.0,23.0,9.0,32.0,2.0,0.125,8
2014-06-29,2014-06-29,11,7,15.6,15.1,16.1,74.3,14.0,10.0,14.0,2.0,49.0,1.0,0.0,0
2014-06-30,2014-06-30,13,6,15.6,15.1,16.1,73.4,16.0,11.0,29.0,10.0,49.0,1.0,0.0,6
2014-07-01,2014-07-01,14,5,17.6,15.9,18.6,70.8,20.0,13.0,34.0,10.0,47.0,1.0,0.0,9
2014-07-02,2014-07-02,11,9,16.2,12.8,20.1,74.2,17.0,13.0,33.0,14.0,45.0,1.0,0.0,0
2014-07-03,2014-07-03,12,7,17.5,13.6,20.8,74.9,18.0,13.0,25.0,9.0,56.0,2.0,0.2222222222222222,9
2014-07-04,2014-07-04,12,9,16.6,14.6,18.9,82.6,15.0,10.0,18.0,8.0,42.0,2.0,0.3,10
2014-07-05,2014-07-05,15,8,16.5,15.6,18.9,74.2,14.0,8.0,23.0,12.0,34.0,1.0,0.0,4
2014-07-06,2014-07-06,12,8,15.3,12.8,18.2,71.0,12.0,7.0,18.0,6.0,36.0,2.0,0.0,0
2014-07-07,2014-07-07,9,8,15.3,11.5,18.0,71.9,15.0,9.0,23.0,11.0,35.0,1.0,0.0,5
2014-07-08,2014-07-08,11,7,15.2,12.7,19.4,70.1,13.0,9.0,22.0,5.0,35.0,1.0,0.0,5
2014-07-09,2014-07-09,6,4,16.5,11.5,20.9,69.5,15.0,9.0,12.0,3.0,52.0,1.0,0.14285714285714285,7
2014-07-10,2014-07-10,17,8,18.4,13.0,23.4,69.6,15.0,10.0,16.0,4.0,53.0,1.0,0.2222222222222222,9
2014-07-11,2014-07-11,10,4,18.4,14.3,21.5,69.7,18.0,14.0,27.0,5.0,40.0,2.0,0.0,5
2014-07-12,2014-07-12,11,9,19.1,15.3,23.4,67.6,19.0,13.0,18.0,6.0,40.0,1.0,0.0,0
2014-07-13,2014-07-13,10,6,18.7,16.7,21.5,70.1,11.0,8.0,10.0,3.0,41.0,2.0,0.0,0
2014-07-14,2014-07-14,8,4,16.6,12.8,19.4,73.6,13.0,8.0,16.0,6.0,41.0,1.0,0.09090909090909091,11
2014-07-15,2014-07-15,8,7,18.8,16.4,21.7,94.0,15.0,9.0,22.0,9.0,33.0,1.0,0.0,10
2014-07-16,2014-07-16,12,9,18.3,13.6,21.9,91.5,15.0,10.0,26.0,17.0,24.0,1.0,0.25,4
2014-07-17,2014-07-17,10,6,19.8,16.1,23.6,89.5,15.0,10.0,25.0,18.0,24.0,1.0,0.0,0
2014-07-18,2014-07-18,6,5,20.5,18.8,22.3,83.2,23.0,15.0,26.0,8.0,55.0,1.0,0.16666666666666666,12
2014-07-19,2014-07-19,15,9,19.8,18.0,22.3,82.1,26.0,18.0,28.0,7.0,42.0,1.0,0.0,6
2014-07-20,2014-07-20,20,15,19.7,15.0,24.8,76.4,18.0,12.0,10.0,2.0,41.0,2.0,0.0,0
2014-07-21,2014-07-21,5,2,20.9,17.0,24.9,76.5,15.0,10.0,13.0,3.0,50.0,1.0,0.0,0
2014-07-22,2014-07-22,5,4,20.5,16.4,26.3,90.2,18.0,12.0,17.0,5.0,55.0,1.0,0.0,5
2014-07-23,2014-07-23,13,8,20.5,16.4,26.3,83.8,24.0,16.0,20.0,3.0,71.0,2.0,0.0,0
2014-07-24,2014-07-24,15,9,20.5,16.4,26.3,84.6,22.0,16.0,23.0,3.0,76.0,2.0,0.3333333333333333,9
2014-07-25,2014-07-25,4,1,20.5,16.4,26.3,83.7,22.0,15.0,30.0,4.0,57.0,1.0,0.25,4
2014-07-26,2014-07-26,12,7,20.5,16.4,26.3,81.9,22.0,15.0,19.0,2.0,69.0,2.0,0.0,0
2014-07-27,2014-07-27,9,7,20.5,16.4,26.3,81.1,16.0,11.0,10.0,2.0,60.0,1.0,0.0,0
2014-07-28,2014-07-28,10,7,20.5,16.4,26.3,83.5,14.0,9.0,22.0,5.0,48.0,1.0,0.25,8
2014-07-29,2014-07-29,8,7,22.9,19.8,25.5,82.8,15.0,11.0,16.0,3.0,53.0,1.0,0.0,0
2014-07-30,2014-07-30,6,5,19.4,14.9,24.0,82.7,16.0,12.0,16.0,4.0,51.0,1.0,0.0,4
2014-07-31,2014-07-31,4,4,17.7,13.7,21.1,80.4,17.0,12.0,24.0,10.0,39.0,2.0,0.0,0
2014-08-01,2014-08-01,8,5,17.5,15.1,19.8,78.7,19.0,15.0,29.0,12.0,36.0,2.0,0.0,13
2014-08-02,2014-08-02,11,6,17.8,15.0,20.0,81.5,17.0,12.0,23.0,8.0,46.0,2.0,0.0,5
2014-08-03,2014-08-03,14,9,16.6,13.3,19.4,84.3,13.0,9.0,21.0,6.0,44.0,1.0,0.0,0
2014-08-04,2014-08-04,8,7,16.9,12.9,20.1,81.8,15.0,11.0,32.0,16.0,34.0,1.0,0.0,0
2014-08-05,2014-08-05,9,8,17.4,14.5,20.0,79.2,17.0,13.0,30.0,18.0,32.0,1.0,0.0,10
2014-08-06,2014-08-06,3,1,18.8,15.5,22.1,80.9,16.0,12.0,33.0,12.0,31.0,1.0,0.0,0
2014-08-07,2014-08-07,6,5,20.5,15.7,24.2,80.0,17.0,13.0,24.0,6.0,39.0,1.0,0.0,8
2014-08-08,2014-08-08,9,6,17.5,14.4,20.8,83.9,21.0,16.0,40.0,20.0,25.0,3.0,0.0,0
2014-08-09,2014-08-09,8,4,16.4,12.5,19.4,91.8,16.0,11.0,27.0,14.0,35.0,1.0,0.0,6
2014-08-10,2014-08-10,8,6,17.6,14.8,19.8,90.8,12.0,9.0,17.0,4.0,46.0,2.0,0.0,0
2014-08-11,2014-08-11,13,9,15.9,14.0,18.3,76.6,16.0,9.0,25.0,11.0,39.0,1.0,0.0,0
2014-08-12,2014-08-12,10,3,15.6,13.3,17.9,80.9,16.0,9.0,24.0,7.0,55.0,3.0,0.0,8
2014-08-13,2014-08-13,5,2,16.4,13.0,20.3,84.0,16.0,9.0,25.0,9.0,39.0,1.0,0.0,6
2014-08-14,2014-08-14,9,4,15.0,12.6,18.9,80.1,16.0,9.0,32.0,12.0,33.0,1.0,0.0,3
2014-08-15,2014-08-15,16,11,15.1,11.6,18.3,81.4,14.0,10.0,21.0,4.0,37.0,1.0,0.0,0
2014-08-16,2014-08-16,4,3,15.7,12.1,18.8,81.9,12.0,9.0,21.0,5.0,41.0,2.0,0.07142857142857142,14
2014-08-17,2014-08-17,16,11,15.8,13.3,18.8,85.6,11.0,7.0,24.0,7.0,44.0,2.0,0.0,0
2014-08-18,2014-08-18,2,2,14.8,10.4,19.5,88.2,12.0,8.0,22.0,6.0,38.0,1.0,0.0,6
2014-08-19,2014-08-19,9,6,13.1,10.1,16.7,88.3,12.0,8.0,22.0,6.0,38.0,1.0,0.0,4
2014-08-20,2014-08-20,9,3,14.9,11.2,17.5,87.5,12.0,8.0,22.0,6.0,38.0,1.0,0.0,8
2014-08-21,2014-08-21,11,11,13.0,7.8,16.6,83.1,12.0,8.0,22.0,6.0,38.0,1.0,0.0,0
2014-08-22,2014-08-22,12,7,14.4,12.5,18.4,91.5,13.0,8.0,20.0,6.0,49.0,1.0,0.0,4
2014-08-23,2014-08-23,7,6,13.6,8.6,18.1,87.2,13.0,8.0,18.0,4.0,50.0,1.0,0.0,4
2014-08-24,2014-08-24,16,12,13.1,8.4,16.4,86.0,14.0,11.0,25.0,8.0,43.0,1.0,0.0,0
2014-08-25,2014-08-25,5,2,15.9,13.8,17.4,74.4,14.0,9.0,23.0,8.0,33.0,1.0,0.0,4
2014-08-26,2014-08-26,5,3,16.3,14.7,19.5,88.7,16.0,10.0,25.0,12.0,27.0,1.0,0.0,2
2014-08-27,2014-08-27,10,5,15.3,11.2,17.6,75.1,20.0,14.0,24.0,11.0,35.0,1.0,0.2,5
2014-08-28,2014-08-28,5,5,16.9,15.4,18.9,77.4,19.0,11.0,24.0,13.0,37.0,1.0,0.0,3
2014-08-29,2014-08-29,8,5,16.4,14.8,18.2,77.8,22.0,12.0,28.0,15.0,36.0,1.0,0.0,7
2014-08-30,2014-08-30,14,13,16.7,13.7,18.5,84.5,17.0,11.0,23.0,10.0,40.0,1.0,0.0,0
2014-08-31,2014-08-31,10,6,15.8,11.5,20.3,88.2,17.0,11.0,13.0,3.0,43.0,1.0,0.0,0
2014-09-01,2014-09-01,8,6,15.6,11.8,19.0,93.2,16.0,13.0,34.0,25.0,11.0,1.0,0.0,7
2014-09-02,2014-09-02,5,4,15.6,11.8,19.0,93.0,24.0,19.0,33.0,19.0,20.0,1.0,0.0,2
2014-09-03,2014-09-03,6,2,18.9,16.0,21.3,91.2,30.0,25.0,33.0,9.0,35.0,1.0,0.0,5
2014-09-04,2014-09-04,7,4,17.2,13.8,20.5,96.6,36.0,29.0,33.0,8.0,31.0,1.0,0.0,12
2014-09-05,2014-09-05,3,1,18.4,16.4,20.1,93.0,36.0,29.0,38.0,11.0,27.0,1.0,0.0,3
2014-09-06,2014-09-06,14,10,17.5,14.0,21.8,89.5,36.0,30.0,41.0,13.0,32.0,1.0,0.0,0
2014-09-07,2014-09-07,9,5,16.6,12.5,22.4,87.9,42.0,35.0,31.0,12.0,27.0,1.0,0.0,0
2014-09-08,2014-09-08,9,8,16.5,12.3,22.0,84.5,38.0,34.0,35.0,19.0,29.0,4.0,0.0,0
2014-09-09,2014-09-09,6,5,15.7,11.9,18.2,83.6,33.0,27.0,41.0,29.0,35.0,2.0,0.0,8
2014-09-10,2014-09-10,4,4,15.5,12.9,17.9,72.8,24.0,19.0,33.0,16.0,28.0,1.0,0.05263157894736842,19
2014-09-11,2014-09-11,6,2,15.1,10.9,18.3,79.1,34.0,30.0,32.0,10.0,23.0,1.0,0.0,0
2014-09-12,2014-09-12,12,9,16.0,11.9,19.1,89.4,34.0,28.0,45.0,15.0,32.0,1.0,0.16666666666666666,12
2014-09-13,2014-09-13,9,4,15.9,12.6,20.7,92.5,25.0,20.0,26.0,5.0,44.0,0.0,0.0,0
2014-09-14,2014-09-14,24,15,15.9,12.4,20.6,77.9,22.0,17.0,16.0,2.0,56.0,1.0,0.0,0
2014-09-15,2014-09-15,17,8,16.5,13.4,20.5,73.6,24.0,19.0,33.0,9.0,40.0,1.0,0.14285714285714285,7
2014-09-16,2014-09-16,13,10,17.3,13.3,21.8,86.8,36.0,29.0,38.0,10.0,36.0,0.0,0.3333333333333333,6
2014-09-17,2014-09-17,10,3,17.8,15.2,20.4,89.0,45.0,41.0,21.0,3.0,57.0,0.0,0.0,4
2014-09-18,2014-09-18,10,3,18.2,15.6,21.5,97.3,49.0,43.0,43.0,11.0,26.0,1.0,0.0,5
2014-09-19,2014-09-19,19,13,18.4,16.7,22.8,93.5,42.0,37.0,41.0,18.0,18.0,1.0,0.0,2
2014-09-20,2014-09-20,7,5,17.5,15.6,19.5,85.4,43.0,38.0,26.0,8.0,23.0,1.0,0.0,0
2014-09-21,2014-09-21,13,9,17.5,15.6,19.5,80.6,22.0,18.0,22.0,8.0,43.0,7.0,0.0,0
2014-09-22,2014-09-22,10,6,15.1,12.4,17.6,85.0,32.0,27.0,34.0,21.0,23.0,8.0,0.0,7
2014-09-23,2014-09-23,15,12,13.0,8.0,19.1,89.1,45.0,41.0,42.0,44.0,17.0,8.0,0.0,15
2014-09-24,2014-09-24,8,4,13.0,8.0,19.1,91.0,22.0,20.0,29.0,10.0,29.0,2.0,0.0,7
2014-09-25,2014-09-25,6,2,15.1,11.0,17.9,90.7,16.0,10.0,36.0,29.0,22.0,2.0,0.0,6
2014-09-26,2014-09-26,10,4,13.8,8.1,18.7,87.5,15.0,10.0,35.0,16.0,21.0,1.0,0.0,5
2014-09-27,2014-09-27,9,4,16.8,14.2,20.2,82.1,23.0,18.0,39.0,42.0,8.0,2.0,0.125,8
2014-09-28,2014-09-28,15,11,15.7,12.9,18.2,89.9,25.0,20.0,31.0,24.0,13.0,2.0,0.0,0
2014-09-29,2014-09-29,14,7,16.5,14.2,19.0,91.7,36.0,30.0,35.0,18.0,27.0,1.0,0.0,0
2014-09-30,2014-09-30,17,10,15.8,14.4,18.2,86.6,25.0,19.0,33.0,26.0,34.0,1.0,0.1111111111111111,9
2014-10-01,2014-10-01,8,6,16.4,14.5,18.9,88.0,16.0,11.0,31.0,13.0,25.0,1.0,0.0,9
2014-10-02,2014-10-02,10,5,17.1,14.9,19.2,87.3,23.0,18.0,33.0,26.0,14.0,2.0,0.0,0
2014-10-03,2014-10-03,13,8,15.4,12.8,19.7,84.5,21.0,17.0,31.0,39.0,22.0,2.0,0.1,10
2014-10-04,2014-10-04,11,4,15.7,12.2,18.3,79.9,14.0,11.0,25.0,5.0,33.0,1.0,0.0,0
2014-10-05,2014-10-05,15,11,13.8,8.6,17.0,92.0,13.0,9.0,27.0,20.0,28.0,2.0,0.0,0
2014-10-06,2014-10-06,15,12,10.7,5.4,14.6,95.7,18.0,12.0,38.0,44.0,29.0,2.0,0.16666666666666666,6
2014-10-07,2014-10-07,10,5,12.9,10.3,14.9,95.1,13.0,9.0,47.0,31.0,22.0,3.0,0.0,9
2014-10-08,2014-10-08,7,3,11.6,8.1,13.5,91.8,19.0,10.0,29.0,13.0,43.0,2.0,0.0,12
2014-10-09,2014-10-09,11,7,14.5,12.2,16.2,87.6,22.0,10.0,19.0,7.0,53.0,1.0,0.0,3
2014-10-10,2014-10-10,8,7,13.7,11.7,16.8,86.8,19.0,11.0,42.0,33.0,24.0,2.0,0.2,10
2014-10-11,2014-10-11,14,7,13.3,10.8,15.5,90.3,16.0,12.0,47.0,38.0,21.0,2.0,0.0,0
2014-10-12,2014-10-12,16,8,13.3,10.8,15.5,96.7,15.0,12.0,26.0,22.0,22.0,1.0,0.0,0
2014-10-13,2014-10-13,11,5,13.3,10.8,15.5,95.7,8.0,6.0,21.0,4.0,43.0,1.0,0.0,8
2014-10-14,2014-10-14,10,6,11.5,10.6,12.3,94.7,11.0,9.0,27.0,9.0,21.0,1.0,0.0,8
2014-10-15,2014-10-15,9,3,12.4,8.9,15.2,95.9,19.0,15.0,38.0,23.0,12.0,2.0,0.0,6
2014-10-16,2014-10-16,6,4,14.8,12.0,16.5,97.4,22.0,11.0,46.0,30.0,19.0,2.0,0.1,10
2014-10-17,2014-10-17,14,11,16.2,14.6,17.4,95.25,21.0,10.0,31.0,13.0,34.0,1.0,0.125,8
2014-10-18,2014-10-18,12,7,17.7,17.0,18.8,90.0,19.0,10.0,21.0,7.0,40.0,1.0,0.0,0
2014-10-19,2014-10-19,25,10,15.9,13.9,17.8,93.0,18.0,9.0,28.0,15.0,35.0,1.0,0.0,0
2014-10-20,2014-10-20,21,7,13.6,12.0,15.6,93.5,14.0,7.0,30.0,17.0,30.0,1.0,0.09090909090909091,11
2014-10-21,2014-10-21,11,5,12.6,9.1,14.9,85.5,15.0,8.0,15.0,5.0,49.0,2.0,0.0,12
2014-10-22,2014-10-22,14,10,10.3,6.8,13.0,78.9,22.0,12.0,43.0,17.0,22.0,1.0,0.0,7
2014-10-23,2014-10-23,12,7,13.7,12.1,15.2,82.0,14.0,8.0,27.0,11.0,39.0,1.0,0.0,5
2014-10-24,2014-10-24,10,4,13.7,12.1,15.2,88.6,12.0,8.0,35.0,18.0,26.0,1.0,0.0,9
2014-10-25,2014-10-25,17,10,12.9,10.2,14.5,88.9,13.0,8.0,44.0,18.0,26.0,2.0,0.14285714285714285,7
2014-10-26,2014-10-26,9,7,14.0,13.2,15.0,90.5,13.0,7.0,31.0,8.0,46.0,1.0,0.0,0
2014-10-27,2014-10-27,11,8,15.0,13.8,16.1,85.2,18.0,11.0,37.0,22.0,26.0,2.0,0.0,9
2014-10-28,2014-10-28,15,14,15.2,13.5,16.6,83.1,23.0,14.0,29.0,14.0,28.0,1.0,0.0,6
2014-10-29,2014-10-29,10,3,14.3,12.2,15.2,91.9,26.0,19.0,38.0,28.0,11.0,1.0,0.0,5
2014-10-30,2014-10-30,9,5,15.6,14.9,16.9,76.0,42.0,31.0,40.0,27.0,11.0,1.0,0.2,5
2014-10-31,2014-10-31,16,12,16.8,14.7,19.6,79.3,36.0,23.0,41.0,23.0,15.0,1.0,0.5,10
2014-11-01,2014-11-01,15,14,15.1,13.5,17.2,88.1,20.0,11.0,24.0,9.0,46.0,1.0,0.3333333333333333,3
2014-11-02,2014-11-02,13,8,13.6,10.0,15.2,92.8,17.0,8.0,26.0,15.0,49.0,2.0,0.0,0
2014-11-03,2014-11-03,13,8,13.6,10.0,15.2,91.0,12.0,7.0,47.0,27.0,29.0,2.0,0.2,5
2014-11-04,2014-11-04,11,6,8.4,6.0,11.5,93.1,14.0,10.0,42.0,42.0,16.0,3.0,0.1111111111111111,9
2014-11-05,2014-11-05,12,7,6.8,4.2,10.3,91.6,35.0,29.0,36.0,20.0,15.0,1.0,0.0,0
2014-11-06,2014-11-06,11,7,8.9,3.2,13.0,92.8,34.0,26.0,37.0,63.0,19.0,4.0,0.18181818181818182,11
2014-11-07,2014-11-07,10,4,11.4,9.4,13.5,90.6,13.0,7.0,32.0,14.0,41.0,2.0,0.14285714285714285,7
2014-11-08,2014-11-08,16,7,11.3,9.2,13.9,82.4,19.0,10.0,43.0,18.0,32.0,1.0,0.1111111111111111,9
2014-11-09,2014-11-09,20,10,9.2,6.4,12.3,82.5,24.0,19.0,48.0,45.0,10.0,2.0,0.0,0
2014-11-10,2014-11-10,10,7,11.2,8.8,13.4,88.1,18.0,11.0,41.0,25.0,26.0,4.0,0.3333333333333333,6
2014-11-11,2014-11-11,8,5,11.7,10.5,12.6,84.5,16.0,7.0,23.0,12.0,37.0,1.0,0.125,8
2014-11-12,2014-11-12,12,6,11.3,9.3,12.6,83.7,17.0,10.0,40.0,22.0,32.0,3.0,0.2,15
2014-11-13,2014-11-13,11,5,13.0,11.5,14.3,88.8,19.0,10.0,28.0,11.0,35.0,1.0,0.16666666666666666,6
2014-11-14,2014-11-14,18,13,13.7,13.6,14.0,88.4,20.0,11.0,47.0,21.0,26.0,2.0,0.18181818181818182,11
2014-11-15,2014-11-15,13,8,13.7,13.6,14.0,92.9,22.0,13.0,48.0,33.0,11.0,2.0,0.125,8
2014-11-16,2014-11-16,14,5,13.7,13.6,14.0,82.4,22.0,20.0,27.0,9.0,19.0,1.0,0.0,0
2014-11-17,2014-11-17,15,8,8.4,7.7,9.0,83.9,15.0,12.0,38.0,19.0,19.0,2.0,0.2222222222222222,9
2014-11-18,2014-11-18,17,7,9.6,7.5,12.2,90.7,25.0,21.0,43.0,57.0,13.0,3.0,0.2222222222222222,9
2014-11-19,2014-11-19,15,6,10.0,8.2,11.8,91.7,23.0,20.0,38.0,22.0,12.0,1.0,0.0,7
2014-11-20,2014-11-20,15,12,9.1,7.8,10.6,86.3,29.0,27.0,33.0,16.0,10.0,1.0,0.0,4
2014-11-21,2014-11-21,13,9,9.4,7.0,13.1,91.2,34.0,30.0,37.0,25.0,3.0,2.0,0.3333333333333333,12
2014-11-22,2014-11-22,22,12,13.3,11.2,13.9,80.2,28.0,22.0,35.0,24.0,9.0,2.0,0.36363636363636365,11
2014-11-23,2014-11-23,20,12,8.4,5.2,11.3,91.1,10.0,9.0,21.0,4.0,37.0,0.0,0.0,0
2014-11-24,2014-11-24,16,8,4.9,2.4,8.8,90.5,25.0,20.0,51.0,108.0,6.0,5.0,0.5454545454545454,11
2014-11-25,2014-11-25,17,12,5.8,2.8,7.5,86.0,22.0,19.0,58.0,39.0,2.0,1.0,0.375,16
2014-11-26,2014-11-26,16,8,7.9,7.1,8.8,89.3,22.0,20.0,46.0,49.0,1.0,2.0,0.2,5
2014-11-27,2014-11-27,11,8,8.3,6.3,11.1,87.1,22.0,19.0,38.0,50.0,2.0,3.0,0.3,10
2014-11-28,2014-11-28,13,8,11.3,10.4,16.2,85.3,23.0,20.0,31.0,20.0,11.0,2.0,0.16666666666666666,6
2014-11-29,2014-11-29,21,16,11.4,7.1,13.0,89.6,41.0,33.0,37.0,82.0,3.0,4.0,0.2222222222222222,9
2014-11-30,2014-11-30,22,14,9.1,6.1,11.4,81.6,24.0,22.0,26.0,44.0,12.0,2.0,0.0,0
2014-12-01,2014-12-01,28,13,7.7,6.3,10.1,75.6,25.0,21.0,26.0,7.0,17.0,1.0,0.5333333333333333,15
2014-12-02,2014-12-02,16,3,7.1,5.5,8.3,87.7,17.0,14.0,26.0,7.0,32.0,1.0,0.4166666666666667,12
2014-12-03,2014-12-03,27,15,4.5,3.4,6.0,83.5,17.0,11.0,36.0,7.0,28.0,1.0,0.6666666666666666,15
2014-12-04,2014-12-04,22,16,4.6,3.1,7.3,82.4,25.0,21.0,34.0,23.0,13.0,1.0,0.3,10
2014-12-05,2014-12-05,16,8,4.4,1.1,8.5,72.6,27.0,22.0,43.0,22.0,8.0,1.0,0.5,20
2014-12-06,2014-12-06,16,7,7.7,3.6,10.9,86.4,23.0,17.0,47.0,53.0,16.0,3.0,0.6153846153846154,13
2014-12-07,2014-12-07,13,6,5.0,3.6,7.4,89.8,13.0,9.0,30.0,11.0,38.0,2.0,0.0,0
2014-12-08,2014-12-08,16,8,6.7,1.5,11.7,88.1,14.0,10.0,44.0,12.0,24.0,2.0,0.7333333333333333,15
2014-12-09,2014-12-09,13,7,8.3,6.6,12.3,82.6,20.0,13.0,41.0,82.0,30.0,4.0,0.4375,16
2014-12-10,2014-12-10,21,14,8.4,6.8,10.2,88.0,16.0,9.0,42.0,16.0,38.0,1.0,0.6086956521739131,23
2014-12-11,2014-12-11,11,7,7.6,3.3,11.5,93.5,14.0,9.0,39.0,12.0,43.0,1.0,0.5714285714285714,7
2014-12-12,2014-12-12,15,10,3.6,1.6,7.1,87.9,15.0,9.0,47.0,22.0,35.0,2.0,0.3333333333333333,9
2014-12-13,2014-12-13,23,17,7.5,2.0,10.3,89.2,28.0,24.0,50.0,85.0,10.0,4.0,0.1875,16
2014-12-14,2014-12-14,19,7,7.7,5.8,9.3,84.4,26.0,23.0,34.0,96.0,26.0,4.0,0.0,0
2014-12-15,2014-12-15,10,5,5.4,1.3,9.2,88.1,16.0,13.0,62.0,45.0,12.0,2.0,0.42857142857142855,14
2014-12-16,2014-12-16,14,10,11.6,9.4,13.0,84.5,19.0,14.0,49.0,34.0,13.0,2.0,0.52,25
2014-12-17,2014-12-17,16,9,12.2,11.5,12.8,86.7,10.0,8.0,41.0,15.0,29.0,1.0,0.4,10
2014-12-18,2014-12-18,21,11,9.4,5.6,12.4,81.5,10.0,7.0,32.0,11.0,37.0,1.0,0.391304347826087,23
2014-12-19,2014-12-19,15,9,7.5,5.1,9.3,82.2,12.0,8.0,36.0,14.0,38.0,1.0,0.42857142857142855,21
2014-12-20,2014-12-20,19,9,9.1,6.0,11.6,83.2,13.0,9.0,43.0,12.0,30.0,1.0,0.0,6
2014-12-21,2014-12-21,20,11,11.9,11.2,12.6,75.2,10.0,7.0,35.0,9.0,41.0,2.0,0.0,0
2014-12-22,2014-12-22,18,12,11.3,10.4,12.2,69.2,13.0,9.0,28.0,11.0,43.0,1.0,0.696969696969697,33
2014-12-23,2014-12-23,19,12,8.5,4.7,11.4,80.7,12.0,8.0,25.0,8.0,51.0,1.0,0.64,25
2014-12-24,2014-12-24,10,8,5.7,2.8,8.8,87.4,10.0,6.0,23.0,6.0,48.0,1.0,0.3333333333333333,12
2014-12-25,2014-12-25,23,17,5.1,1.3,10.8,78.9,14.0,10.0,20.0,3.0,37.0,1.0,0.0,0
2014-12-26,2014-12-26,29,20,4.2,2.3,8.3,80.5,17.0,13.0,29.0,29.0,25.0,2.0,0.4666666666666667,30
2014-12-27,2014-12-27,35,24,2.4,-0.3,5.8,71.6,8.0,8.0,16.0,3.0,49.0,2.0,0.6,10
2014-12-28,2014-12-28,30,19,1.5,-1.4,5.6,82.6,24.0,19.0,34.0,24.0,26.0,1.0,0.75,8
2014-12-29,2014-12-29,17,14,1.9,-2.4,7.2,86.1,32.0,28.0,43.0,52.0,10.0,1.0,0.5,10
2014-12-30,2014-12-30,15,12,6.5,1.8,8.9,92.0,78.0,71.0,57.0,347.0,3.0,14.0,0.5,30
2014-12-31,2014-12-31,15,13,9.7,8.3,11.6,86.3,44.0,38.0,37.0,126.0,21.0,5.0,0.46511627906976744,43
2015-01-01,2015-01-01,26,17,8.8,5.3,12.7,77.5,27.0,17.0,11.0,3.0,51.0,1.0,0.38461538461538464,13
2015-01-02,2015-01-02,22,17,7.8,4.0,13.3,80.9,18.0,11.0,37.0,19.0,35.0,1.0,0.375,8
2015-01-03,2015-01-03,17,11,4.7,3.3,7.3,89.8,13.0,10.0,32.0,14.0,33.0,2.0,0.625,24
2015-01-04,2015-01-04,23,11,8.7,6.8,10.2,93.1,23.0,21.0,42.0,18.0,14.0,2.0,0.0,0
2015-01-05,2015-01-05,23,18,7.7,3.7,10.6,89.1,20.0,15.0,42.0,28.0,19.0,2.0,0.5897435897435898,39
2015-01-06,2015-01-06,21,16,8.4,3.9,10.4,91.1,18.0,12.0,39.0,26.0,26.0,1.0,0.6666666666666666,24
2015-01-07,2015-01-07,9,6,9.7,7.9,11.4,79.1,26.0,16.0,32.0,76.0,31.0,3.0,0.21428571428571427,28
2015-01-08,2015-01-08,10,7,12.0,9.7,14.1,81.5,16.0,8.0,39.0,15.0,38.0,1.0,0.5,36
2015-01-09,2015-01-09,14,9,9.4,4.4,12.7,89.1,16.0,10.0,26.0,10.0,44.0,1.0,0.40540540540540543,37
2015-01-10,2015-01-10,9,8,6.5,3.4,9.7,89.0,13.0,8.0,28.0,6.0,45.0,1.0,0.25,8
2015-01-11,2015-01-11,24,13,10.6,8.7,12.1,85.0,16.0,9.0,31.0,7.0,45.0,1.0,0.36363636363636365,11
2015-01-12,2015-01-12,12,4,7.5,2.6,11.0,90.8,15.0,8.0,20.0,7.0,61.0,2.0,0.5384615384615384,13
2015-01-13,2015-01-13,11,9,6.1,2.2,9.5,77.6,11.0,7.0,39.0,18.0,42.0,1.0,0.3333333333333333,24
2015-01-14,2015-01-14,10,8,8.1,5.9,10.3,73.6,13.0,7.0,28.0,11.0,52.0,2.0,0.6818181818181818,22
2015-01-15,2015-01-15,13,6,5.0,1.0,8.0,87.0,19.0,8.0,31.0,11.0,54.0,2.0,0.3076923076923077,13
2015-01-16,2015-01-16,14,11,4.2,-0.5,7.0,84.1,16.0,10.0,44.0,17.0,30.0,2.0,0.4,20
2015-01-17,2015-01-17,13,11,3.3,1.8,4.8,77.4,18.0,13.0,59.0,43.0,13.0,2.0,0.25,16
2015-01-18,2015-01-18,23,16,2.6,0.2,5.0,90.6,19.0,15.0,36.0,24.0,26.0,3.0,0.38461538461538464,13
2015-01-19,2015-01-19,15,5,2.6,-0.4,5.6,78.3,27.0,22.0,47.0,84.0,22.0,4.0,0.18181818181818182,11
2015-01-20,2015-01-20,10,7,4.4,2.2,5.5,75.2,28.0,24.0,43.0,82.0,18.0,3.0,0.36,25
2015-01-21,2015-01-21,11,8,2.1,0.0,5.1,73.9,24.0,20.0,39.0,24.0,21.0,1.0,0.4230769230769231,26
2015-01-22,2015-01-22,15,7,3.4,-2.2,9.0,73.1,44.0,41.0,46.0,90.0,5.0,3.0,0.5,8
2015-01-23,2015-01-23,7,6,5.6,2.4,9.6,83.0,42.0,37.0,42.0,122.0,12.0,6.0,0.4482758620689655,29
2015-01-24,2015-01-24,20,11,5.6,0.9,9.0,84.5,19.0,13.0,31.0,16.0,36.0,1.0,0.36363636363636365,11
2015-01-25,2015-01-25,12,8,8.3,4.7,10.7,81.3,27.0,18.0,47.0,60.0,17.0,3.0,0.1111111111111111,9
2015-01-26,2015-01-26,12,7,6.0,3.3,8.2,87.0,13.0,9.0,41.0,11.0,28.0,1.0,0.2727272727272727,11
2015-01-27,2015-01-27,10,5,6.8,2.5,10.8,94.4,16.0,11.0,43.0,26.0,24.0,2.0,0.32142857142857145,28
2015-01-28,2015-01-28,13,8,3.4,1.2,6.4,78.3,13.0,7.0,31.0,8.0,47.0,2.0,0.3333333333333333,15
2015-01-29,2015-01-29,10,4,4.5,2.2,7.3,83.7,12.0,8.0,42.0,15.0,36.0,2.0,0.4666666666666667,15
2015-01-30,2015-01-30,15,11,3.8,1.5,5.9,68.8,15.0,9.0,36.0,10.0,35.0,1.0,0.2631578947368421,19
2015-01-31,2015-01-31,18,11,3.5,1.0,5.0,85.5,12.0,8.0,23.0,5.0,42.0,1.0,0.375,8
2015-02-01,2015-02-01,13,8,1.1,-1.5,3.6,68.9,13.0,8.0,14.0,3.0,58.0,1.0,0.3333333333333333,3
2015-02-02,2015-02-02,16,14,3.4,2.2,4.8,82.0,17.0,12.0,42.0,11.0,29.0,1.0,0.3333333333333333,12
2015-02-03,2015-02-03,11,7,0.7,-0.3,3.0,88.5,21.0,17.0,40.0,9.0,25.0,1.0,0.38095238095238093,21
2015-02-04,2015-02-04,14,7,3.4,2.2,4.8,84.2,21.0,17.0,34.0,7.0,31.0,1.0,0.058823529411764705,17
2015-02-05,2015-02-05,14,8,2.4,1.3,3.9,77.4,18.0,14.0,36.0,8.0,27.0,2.0,0.2631578947368421,19
2015-02-06,2015-02-06,11,6,2.3,0.1,4.9,77.3,14.0,10.0,23.0,6.0,32.0,1.0,0.34615384615384615,26
2015-02-07,2015-02-07,17,12,3.3,0.8,5.3,82.5,16.0,13.0,24.0,4.0,37.0,1.0,0.17647058823529413,17
2015-02-08,2015-02-08,13,7,4.6,1.6,8.4,68.1,30.0,25.0,35.0,19.0,24.0,2.0,0.0,0
2015-02-09,2015-02-09,21,11,3.7,1.3,7.2,67.5,34.0,28.0,40.0,42.0,13.0,2.0,0.2777777777777778,18
2015-02-10,2015-02-10,13,7,4.2,0.8,6.3,72.7,33.0,27.0,43.0,59.0,18.0,2.0,0.30434782608695654,23
2015-02-11,2015-02-11,12,7,5.4,5.2,5.6,83.0,29.0,23.0,40.0,23.0,26.0,3.0,0.24390243902439024,41
2015-02-12,2015-02-12,10,4,5.4,5.2,5.6,72.5,36.0,30.0,40.0,24.0,23.0,3.0,0.5625,16
2015-02-13,2015-02-13,9,5,5.4,5.2,5.6,75.8,27.0,16.0,33.0,11.0,49.0,3.0,0.15384615384615385,26
2015-02-14,2015-02-14,23,16,6.4,5.4,7.1,81.7,18.0,13.0,46.0,13.0,23.0,4.0,0.2857142857142857,7
2015-02-15,2015-02-15,12,8,6.6,4.6,10.1,90.5,33.0,26.0,37.0,25.0,17.0,2.0,0.0,0
2015-02-16,2015-02-16,15,10,6.1,3.5,7.6,79.8,20.0,14.0,42.0,16.0,22.0,2.0,0.44,25
2015-02-17,2015-02-17,15,12,4.8,2.2,8.6,75.4,20.0,14.0,38.0,28.0,31.0,2.0,0.2608695652173913,23
2015-02-18,2015-02-18,5,1,5.7,2.0,8.0,59.1,20.0,14.0,42.0,98.0,27.0,5.0,0.42105263157894735,19
2015-02-19,2015-02-19,4,3,7.5,6.8,8.1,73.1,20.0,14.0,25.0,7.0,57.0,1.0,0.08,25
2015-02-20,2015-02-20,12,7,5.5,3.0,7.5,92.2,20.0,14.0,44.0,14.0,26.0,1.0,0.5,8
2015-02-21,2015-02-21,12,10,4.1,2.6,7.1,97.0,20.0,14.0,31.0,4.0,38.0,1.0,0.2222222222222222,18
2015-02-22,2015-02-22,14,10,5.7,0.5,10.2,86.1,20.0,14.0,32.0,30.0,38.0,2.0,0.0,0
2015-02-23,2015-02-23,17,8,6.0,4.5,8.2,83.0,20.0,14.0,37.0,9.0,48.0,1.0,0.3888888888888889,18
2015-02-24,2015-02-24,9,7,7.2,5.4,8.7,75.6,20.0,14.0,33.0,9.0,46.0,2.0,0.15789473684210525,19
2015-02-25,2015-02-25,15,8,9.3,7.1,11.8,81.3,20.0,14.0,42.0,17.0,34.0,1.0,0.21875,32
2015-02-26,2015-02-26,13,11,7.9,3.6,9.6,75.4,20.0,14.0,27.0,7.0,42.0,1.0,0.21052631578947367,19
2015-02-27,2015-02-27,13,11,5.3,2.1,7.6,82.7,20.0,14.0,33.0,11.0,44.0,1.0,0.2857142857142857,28
2015-02-28,2015-02-28,16,13,8.3,5.8,10.1,77.6,20.0,14.0,22.0,6.0,54.0,1.0,0.18181818181818182,11
2015-03-01,2015-03-01,21,11,8.0,4.8,10.8,71.6,20.0,14.0,31.0,6.0,54.0,1.0,0.0,0
2015-03-02,2015-03-02,11,7,4.8,3.3,7.5,81.8,20.0,14.0,41.0,13.0,40.0,1.0,0.2727272727272727,22
2015-03-03,2015-03-03,9,6,5.9,3.7,8.2,90.3,20.0,14.0,43.0,14.0,36.0,1.0,0.38461538461538464,13
2015-03-04,2015-03-04,8,5,5.7,2.6,9.4,82.5,20.0,14.0,38.0,8.0,39.0,1.0,0.18181818181818182,22
2015-03-05,2015-03-05,14,11,6.0,1.0,10.7,70.9,20.0,14.0,49.0,51.0,21.0,2.0,0.6923076923076923,13
2015-03-06,2015-03-06,9,5,7.3,4.8,9.7,63.1,20.0,14.0,48.0,30.0,30.0,2.0,0.2222222222222222,27
2015-03-07,2015-03-07,12,9,9.1,8.3,10.6,60.4,20.0,14.0,24.0,6.0,58.0,1.0,0.42857142857142855,7
2015-03-08,2015-03-08,15,9,9.0,6.8,11.4,56.6,20.0,14.0,28.0,5.0,53.0,1.0,0.0,0
2015-03-09,2015-03-09,9,7,7.7,5.4,9.7,68.3,20.0,14.0,38.0,17.0,27.0,1.0,0.10526315789473684,19
2015-03-10,2015-03-10,13,9,8.2,5.4,12.7,62.0,20.0,14.0,38.0,17.0,27.0,1.0,0.3333333333333333,15
2015-03-11,2015-03-11,16,8,7.3,5.4,8.8,57.1,20.0,14.0,38.0,17.0,27.0,1.0,0.2222222222222222,9
2015-03-12,2015-03-12,13,5,8.9,8.1,9.8,60.5,20.0,14.0,38.0,17.0,27.0,1.0,0.14285714285714285,14
2015-03-13,2015-03-13,14,8,8.8,5.0,11.0,78.4,20.0,14.0,45.0,16.0,25.0,2.0,0.3684210526315789,19
2015-03-14,2015-03-14,11,10,5.1,2.1,7.8,86.5,25.0,19.0,23.0,4.0,49.0,1.0,0.3125,16
2015-03-15,2015-03-15,16,11,5.5,4.8,6.3,87.8,29.0,21.0,22.0,4.0,36.0,1.0,0.0,0
2015-03-16,2015-03-16,11,4,5.6,4.7,6.7,73.6,30.0,27.0,33.0,14.0,22.0,1.0,0.25,20
2015-03-17,2015-03-17,16,7,7.9,4.4,12.4,68.6,56.0,52.0,39.0,21.0,13.0,2.0,0.23076923076923078,13
2015-03-18,2015-03-18,13,9,7.2,3.2,11.5,65.6,56.0,52.0,34.0,10.0,27.0,1.0,0.46153846153846156,13
2015-03-19,2015-03-19,17,11,6.6,5.6,8.0,76.7,37.0,32.0,23.0,4.0,55.0,1.0,0.11764705882352941,17
2015-03-20,2015-03-20,10,6,6.4,4.4,12.0,66.8,38.0,31.0,37.0,12.0,49.0,1.0,0.14285714285714285,28
2015-03-21,2015-03-21,17,10,7.4,5.6,8.8,64.6,18.0,12.0,20.0,5.0,50.0,1.0,0.5,2
2015-03-22,2015-03-22,14,11,6.2,4.4,9.9,86.0,12.0,7.0,21.0,5.0,54.0,1.0,0.0,0
2015-03-23,2015-03-23,10,7,6.7,4.6,9.7,89.0,18.0,12.0,39.0,8.0,38.0,3.0,0.32142857142857145,28
2015-03-24,2015-03-24,18,11,6.1,3.2,9.0,85.3,9.0,6.0,27.0,7.0,40.0,1.0,0.3888888888888889,18
2015-03-25,2015-03-25,14,11,5.4,1.1,10.2,75.9,16.0,12.0,31.0,9.0,37.0,1.0,0.47058823529411764,17
2015-03-26,2015-03-26,14,11,8.6,5.2,12.5,77.3,9.0,4.0,29.0,6.0,52.0,2.0,0.09090909090909091,11
2015-03-27,2015-03-27,7,4,7.3,3.6,10.8,73.4,13.0,5.0,36.0,10.0,40.0,1.0,0.08333333333333333,12
2015-03-28,2015-03-28,16,11,9.9,7.7,11.4,81.9,12.0,6.0,24.0,6.0,45.0,1.0,0.1,10
2015-03-29,2015-03-29,17,9,10.8,9.1,13.5,80.2,10.0,3.0,14.0,2.0,65.0,1.0,0.0,0
2015-03-30,2015-03-30,11,9,8.9,6.5,11.9,84.0,13.0,5.0,25.0,7.0,57.0,0.0,0.2727272727272727,11
2015-03-31,2015-03-31,11,8,10.3,7.0,12.5,80.1,16.0,5.0,11.0,2.0,72.0,1.0,0.4090909090909091,22
2015-04-01,2015-04-01,6,1,7.7,5.1,10.5,74.7,14.0,5.0,27.0,6.0,53.0,1.0,0.23529411764705882,17
2015-04-02,2015-04-02,11,10,8.7,6.2,11.0,63.6,6.0,4.0,30.0,8.0,44.0,2.0,0.2,10
2015-04-03,2015-04-03,9,7,9.6,7.6,11.6,87.8,7.0,5.0,27.0,9.0,28.0,2.0,0.3076923076923077,13
2015-04-04,2015-04-04,11,4,8.7,7.8,9.7,82.2,10.0,8.0,23.0,5.0,42.0,2.0,0.0,0
2015-04-05,2015-04-05,19,14,7.7,6.2,11.1,70.3,19.0,16.0,40.0,11.0,30.0,2.0,0.0,0
2015-04-06,2015-04-06,15,10,9.6,2.2,17.7,72.9,20.0,17.0,27.0,21.0,35.0,2.0,0.0,0
2015-04-07,2015-04-07,16,9,9.3,6.6,13.4,71.4,23.0,18.0,45.0,18.0,32.0,2.0,0.36363636363636365,33
2015-04-08,2015-04-08,9,3,9.5,5.0,12.7,76.5,34.0,27.0,49.0,39.0,30.0,2.0,0.7058823529411765,17
2015-04-09,2015-04-09,13,8,9.6,6.8,12.4,69.5,51.0,43.0,53.0,31.0,31.0,2.0,0.3157894736842105,19
2015-04-10,2015-04-10,12,9,10.7,7.9,16.4,74.7,50.0,41.0,45.0,21.0,43.0,3.0,0.16666666666666666,24
2015-04-11,2015-04-11,12,6,10.0,6.7,12.1,85.3,13.0,6.0,22.0,4.0,65.0,1.0,0.3333333333333333,9
2015-04-12,2015-04-12,7,7,10.0,6.1,13.4,67.9,15.0,6.0,29.0,5.0,57.0,1.0,0.0,0
2015-04-13,2015-04-13,12,9,10.6,7.4,14.1,82.0,15.0,8.0,36.0,13.0,38.0,1.0,0.21428571428571427,28
2015-04-14,2015-04-14,9,5,10.9,5.5,17.5,75.1,16.0,11.0,38.0,13.0,44.0,2.0,0.0,0
2015-04-15,2015-04-15,13,10,15.7,8.4,23.1,72.6,32.0,22.0,57.0,44.0,32.0,3.0,0.18181818181818182,22
2015-04-16,2015-04-16,12,9,14.0,9.7,18.9,70.7,18.0,11.0,28.0,5.0,44.0,2.0,0.3333333333333333,15
2015-04-17,2015-04-17,0,6,11.0,8.4,14.5,65.0,11.0,5.0,23.0,5.0,58.0,2.0,0.2692307692307692,26
2015-04-18,2015-04-18,15,10,10.0,4.9,14.3,76.3,11.0,5.0,14.0,3.0,74.0,1.0,0.0,0
2015-04-19,2015-04-19,1,0,7.9,4.5,11.4,76.5,10.0,7.0,19.0,2.0,64.0,1.0,0.0,0
2015-04-20,2015-04-20,18,12,11.3,5.0,16.5,72.7,26.0,18.0,50.0,10.0,41.0,2.0,0.35714285714285715,14
2015-04-21,2015-04-21,11,8,11.8,6.3,18.1,81.6,20.0,13.0,40.0,9.0,53.0,1.0,0.25,16
2015-04-22,2015-04-22,11,8,11.5,6.2,16.1,81.7,15.0,9.0,25.0,4.0,60.0,1.0,0.2222222222222222,9
2015-04-23,2015-04-23,13,8,10.0,7.5,12.3,74.2,22.0,15.0,39.0,10.0,55.0,3.0,0.2222222222222222,9
2015-04-24,2015-04-24,8,5,10.2,5.3,14.4,66.7,28.0,20.0,43.0,26.0,40.0,1.0,0.10526315789473684,19
2015-04-25,2015-04-25,14,8,11.7,10.3,14.6,72.5,9.0,6.0,28.0,7.0,54.0,1.0,0.1111111111111111,9
2015-04-26,2015-04-26,11,6,9.7,8.0,11.1,70.5,11.0,9.0,19.0,3.0,49.0,1.0,0.0,0
2015-04-27,2015-04-27,9,6,7.7,4.1,11.8,54.1,8.0,5.0,28.0,8.0,30.0,1.0,0.0,8
2015-04-28,2015-04-28,4,3,7.3,2.8,10.9,61.1,11.0,5.0,31.0,10.0,38.0,1.0,0.23076923076923078,13
2015-04-29,2015-04-29,13,9,8.8,6.9,11.2,58.0,9.0,4.0,38.0,12.0,44.0,1.0,0.0,0
2015-04-30,2015-04-30,7,6,9.5,5.7,13.0,55.1,12.0,6.0,40.0,14.0,38.0,1.0,0.07142857142857142,14
2015-05-01,2015-05-01,7,5,8.9,6.4,11.4,64.6,13.0,7.0,26.0,6.0,54.0,1.0,0.2608695652173913,23
2015-05-02,2015-05-02,15,10,9.3,7.2,11.4,86.6,17.0,11.0,25.0,8.0,52.0,1.0,0.0,0
2015-05-03,2015-05-03,14,7,9.3,7.2,11.4,80.5,10.0,5.0,24.0,13.0,50.0,2.0,0.0,0
2015-05-04,2015-05-04,20,12,9.3,7.2,11.4,71.4,12.0,5.0,20.0,6.0,59.0,2.0,0.125,24
2015-05-05,2015-05-05,20,12,12.0,11.1,12.9,79.1,19.0,7.0,17.0,5.0,65.0,2.0,0.0,0
2015-05-06,2015-05-06,11,7,11.1,7.8,12.7,73.6,19.0,7.0,26.0,9.0,65.0,2.0,0.08571428571428572,35
2015-05-07,2015-05-07,12,4,10.7,8.9,13.1,78.1,15.0,6.0,32.0,13.0,52.0,2.0,0.2727272727272727,11
2015-05-08,2015-05-08,17,10,11.2,9.2,13.1,67.4,17.0,8.0,37.0,12.0,44.0,2.0,0.0,19
2015-05-09,2015-05-09,12,9,12.8,10.8,16.2,69.4,15.0,6.0,36.0,11.0,51.0,2.0,0.0,9
2015-05-10,2015-05-10,15,10,12.5,10.3,15.3,83.0,16.0,8.0,24.0,5.0,57.0,1.0,0.0,0
2015-05-11,2015-05-11,19,13,12.7,11.4,14.5,70.1,16.0,9.0,28.0,9.0,46.0,1.0,0.15384615384615385,13
2015-05-12,2015-05-12,8,7,12.1,9.5,15.4,74.0,14.0,5.0,29.0,8.0,54.0,1.0,0.2,10
2015-05-13,2015-05-13,11,7,11.4,6.1,14.7,75.0,15.0,8.0,41.0,17.0,44.0,2.0,0.18181818181818182,11
2015-05-14,2015-05-14,7,3,10.1,8.8,11.8,72.0,12.0,8.0,40.0,9.0,44.0,2.0,0.2,15
2015-05-15,2015-05-15,8,8,10.3,8.2,13.1,72.6,13.0,7.0,22.0,5.0,56.0,1.0,0.13043478260869565,23
2015-05-16,2015-05-16,12,8,13.2,9.4,16.4,83.1,13.0,6.0,15.0,3.0,65.0,1.0,0.0,14
2015-05-17,2015-05-17,11,8,10.6,6.5,14.0,73.8,15.0,6.0,17.0,3.0,63.0,1.0,0.0,0
2015-05-18,2015-05-18,10,8,11.1,8.3,13.8,83.3,9.0,4.0,22.0,5.0,59.0,1.0,0.0625,16
2015-05-19,2015-05-19,16,12,9.8,7.6,13.0,72.8,7.0,3.0,24.0,7.0,53.0,2.0,0.0,8
2015-05-20,2015-05-20,6,6,10.0,5.0,14.3,49.9,9.0,4.0,18.0,4.0,53.0,1.0,0.0,8
2015-05-21,2015-05-21,10,7,11.8,6.1,16.0,76.4,19.0,9.0,29.0,12.0,47.0,1.0,0.38461538461538464,13
2015-05-22,2015-05-22,15,10,12.4,7.0,16.6,83.2,12.0,7.0,40.0,24.0,21.0,2.0,0.13043478260869565,23
2015-05-23,2015-05-23,15,6,15.4,12.3,20.1,69.8,11.0,7.0,19.0,5.0,37.0,0.0,0.0,3
2015-05-24,2015-05-24,21,15,14.2,11.0,17.0,77.6,10.0,6.0,23.0,6.0,34.0,1.0,0.0,0
2015-05-25,2015-05-25,13,7,13.5,10.0,15.7,74.6,13.0,7.0,14.0,2.0,57.0,1.0,0.0,10
2015-05-26,2015-05-26,11,8,13.8,10.1,17.2,74.4,10.0,6.0,25.0,8.0,41.0,1.0,0.0,0
2015-05-27,2015-05-27,9,6,12.5,8.4,16.1,75.2,13.0,8.0,31.0,7.0,45.0,1.0,0.2,20
2015-05-28,2015-05-28,9,5,12.9,10.2,15.5,74.1,11.0,5.0,23.0,5.0,54.0,2.0,0.0,0
2015-05-29,2015-05-29,8,5,11.0,8.9,14.0,68.0,10.0,4.0,29.0,8.0,49.0,1.0,0.058823529411764705,17
2015-05-30,2015-05-30,13,7,10.8,6.8,13.8,67.6,9.0,4.0,26.0,7.0,47.0,1.0,0.0,4
2015-05-31,2015-05-31,14,10,12.4,8.9,14.9,71.7,8.0,4.0,15.0,3.0,50.0,1.0,0.0,0
2015-06-01,2015-06-01,17,14,10.7,8.2,12.5,92.2,13.0,5.0,23.0,10.0,55.0,2.0,0.0,8
2015-06-02,2015-06-02,10,4,13.2,10.7,15.6,89.1,14.0,5.0,23.0,10.0,45.0,2.0,0.25,4
2015-06-03,2015-06-03,7,6,13.7,11.1,16.7,85.5,14.0,5.0,24.0,7.0,47.0,1.0,0.0,14
2015-06-04,2015-06-04,6,2,13.6,9.6,17.4,77.0,17.0,8.0,39.0,21.0,38.0,2.0,0.0,0
2015-06-05,2015-06-05,11,9,15.7,11.1,19.0,80.4,19.0,9.0,29.0,9.0,48.0,2.0,0.04,25
2015-06-06,2015-06-06,8,3,12.3,8.2,15.1,75.1,12.0,4.0,23.0,7.0,48.0,1.0,0.0,2
2015-06-07,2015-06-07,17,9,14.0,8.4,18.7,72.4,10.0,5.0,13.0,2.0,56.0,1.0,0.0,0
2015-06-08,2015-06-08,12,7,13.4,9.3,17.1,73.8,11.0,5.0,17.0,4.0,54.0,1.0,0.1111111111111111,18
2015-06-09,2015-06-09,9,5,11.5,7.1,14.5,91.1,10.0,4.0,14.0,2.0,58.0,1.0,0.0,7
2015-06-10,2015-06-10,8,4,13.0,7.3,17.7,73.9,14.0,7.0,17.0,3.0,69.0,1.0,0.2,10
2015-06-11,2015-06-11,9,6,17.6,11.2,23.3,72.5,18.0,10.0,21.0,3.0,80.0,1.0,0.0,10
2015-06-12,2015-06-12,13,10,16.8,14.4,19.6,76.5,26.0,16.0,36.0,7.0,38.0,2.0,0.0,9
2015-06-13,2015-06-13,11,10,14.6,12.5,16.7,91.3,14.0,10.0,31.0,8.0,61.0,2.0,0.0,3
2015-06-14,2015-06-14,11,8,14.6,11.9,18.4,67.9,15.0,8.0,18.0,3.0,47.0,1.0,0.0,0
2015-06-15,2015-06-15,3,3,13.9,11.1,18.8,85.6,9.0,5.0,21.0,5.0,50.0,1.0,0.0,6
2015-06-16,2015-06-16,14,10,15.8,12.2,19.4,70.6,12.0,8.0,30.0,9.0,48.0,1.0,1.0,1
2015-06-17,2015-06-17,12,10,16.7,11.3,22.3,68.9,10.0,6.0,25.0,12.0,25.0,1.0,0.1,10
2015-06-18,2015-06-18,10,6,17.2,14.2,21.4,71.5,11.0,6.0,12.0,3.0,50.0,2.0,0.0,2
2015-06-19,2015-06-19,8,6,16.2,10.9,20.9,66.7,16.0,8.0,17.0,4.0,52.0,1.0,0.1,20
2015-06-20,2015-06-20,8,5,16.1,12.9,19.3,63.7,13.0,8.0,24.0,13.0,23.0,1.0,0.0,1
2015-06-21,2015-06-21,12,9,15.5,12.5,18.5,73.7,10.0,5.0,13.0,4.0,41.0,1.0,0.0,0
2015-06-22,2015-06-22,13,8,13.7,11.5,16.8,65.9,6.0,3.0,21.0,7.0,34.0,2.0,0.25,4
2015-06-23,2015-06-23,10,6,14.6,10.8,19.4,74.0,7.0,4.0,21.0,5.0,39.0,1.0,0.0,10
2015-06-24,2015-06-24,11,9,15.4,12.6,18.2,68.5,12.0,7.0,32.0,8.0,49.0,1.0,0.0,3
2015-06-25,2015-06-25,6,5,16.3,11.8,20.1,80.9,14.0,10.0,36.0,17.0,32.0,1.0,0.0,0
2015-06-26,2015-06-26,10,10,16.0,14.4,19.7,76.4,15.0,9.0,35.0,15.0,34.0,2.0,0.3333333333333333,15
2015-06-27,2015-06-27,10,5,16.0,14.4,19.7,68.6,15.0,7.0,23.0,9.0,35.0,2.0,0.0,0
2015-06-28,2015-06-28,15,8,16.0,14.4,19.7,68.9,13.0,8.0,19.0,5.0,39.0,1.0,0.0,0
2015-06-29,2015-06-29,14,2,16.0,14.4,19.7,84.9,13.0,5.0,21.0,8.0,37.0,1.0,0.07692307692307693,13
2015-06-30,2015-06-30,13,10,21.7,16.9,25.5,91.2,17.0,9.0,36.0,15.0,51.0,2.0,0.0,0
2015-07-01,2015-07-01,9,6,22.4,16.2,25.7,81.0,24.0,13.0,35.0,7.0,84.0,1.0,0.0,10
2015-07-02,2015-07-02,4,3,17.5,15.4,19.8,71.6,14.0,10.0,27.0,11.0,33.0,1.0,0.0,0
2015-07-03,2015-07-03,11,9,18.5,13.2,25.2,93.1,14.0,8.0,34.0,18.0,40.0,1.0,0.0,11
2015-07-04,2015-07-04,13,6,18.7,15.6,20.9,86.5,17.0,8.0,28.0,9.0,46.0,1.0,0.0,0
2015-07-05,2015-07-05,17,10,16.2,13.3,19.5,59.2,14.0,6.0,24.0,6.0,38.0,1.0,0.0,0
2015-07-06,2015-07-06,11,6,16.5,13.5,19.1,71.1,11.0,4.0,22.0,8.0,41.0,1.0,0.05,20
2015-07-07,2015-07-07,7,3,17.2,14.7,19.7,75.0,13.0,5.0,28.0,9.0,39.0,1.0,0.0,0
2015-07-08,2015-07-08,7,6,16.2,13.7,19.1,83.2,10.0,4.0,23.0,8.0,42.0,1.0,0.0625,16
2015-07-09,2015-07-09,6,3,15.4,10.6,20.1,94.1,13.0,6.0,23.0,5.0,47.0,1.0,0.0,0
2015-07-10,2015-07-10,8,6,16.4,13.5,18.6,87.7,17.0,9.0,39.0,13.0,49.0,1.0,0.0,13
2015-07-11,2015-07-11,6,5,17.4,14.0,21.1,82.5,14.0,8.0,23.0,5.0,41.0,1.0,0.0,7
2015-07-12,2015-07-12,7,3,16.2,15.3,17.1,86.8,10.0,5.0,29.0,14.0,25.0,2.0,0.0,0
2015-07-13,2015-07-13,16,5,16.9,15.6,18.3,91.1,12.0,6.0,24.0,9.0,27.0,2.0,1.0,2
2015-07-14,2015-07-14,13,7,17.6,15.8,20.9,91.8,10.0,6.0,28.0,13.0,24.0,1.0,0.0,0
2015-07-15,2015-07-15,17,4,18.4,16.5,21.1,89.2,9.0,5.0,21.0,13.0,19.0,1.0,0.2222222222222222,9
2015-07-16,2015-07-16,8,6,17.4,14.5,23.6,82.6,18.0,11.0,32.0,14.0,26.0,1.0,0.0,4
2015-07-17,2015-07-17,11,2,17.9,14.3,19.4,83.4,15.0,7.0,26.0,7.0,43.0,1.0,0.0,10
2015-07-18,2015-07-18,12,6,15.2,11.3,20.2,79.1,10.0,5.0,31.0,10.0,39.0,1.0,0.0,0
2015-07-19,2015-07-19,18,12,17.2,14.2,20.9,87.2,10.0,5.0,20.0,4.0,52.0,0.0,0.0,0
2015-07-20,2015-07-20,6,4,17.0,15.6,18.8,90.8,7.0,4.0,22.0,10.0,27.0,2.0,0.0,12
2015-07-21,2015-07-21,8,6,17.0,13.9,19.5,79.0,14.0,5.0,30.0,12.0,32.0,1.0,0.0,0
2015-07-22,2015-07-22,9,8,16.7,14.3,19.7,76.5,10.0,4.0,28.0,10.0,36.0,1.0,0.0,10
2015-07-23,2015-07-23,2,2,14.8,10.2,18.0,77.2,9.0,4.0,31.0,11.0,35.0,1.0,0.0,0
2015-07-24,2015-07-24,14,10,14.0,12.5,15.7,74.4,10.0,7.0,34.0,7.0,30.0,1.0,0.0,16
2015-07-25,2015-07-25,12,7,15.1,11.4,19.3,80.5,9.0,6.0,22.0,7.0,38.0,1.0,0.0,0
2015-07-26,2015-07-26,9,7,14.5,12.1,17.5,75.4,11.0,5.0,26.0,9.0,36.0,2.0,0.0,0
2015-07-27,2015-07-27,12,5,16.3,14.8,18.0,75.1,9.0,4.0,23.0,7.0,44.0,1.0,0.06666666666666667,15
2015-07-28,2015-07-28,12,8,15.45,12.4,18.2,78.7,10.0,4.0,29.0,9.0,43.0,1.0,0.0,0
2015-07-29,2015-07-29,9,5,13.5,10.2,17.8,75.7,7.0,4.0,30.0,7.0,32.0,1.0,0.0,11
2015-07-30,2015-07-30,9,6,14.2,9.6,18.3,74.0,8.0,4.0,19.0,4.0,43.0,1.0,0.6666666666666666,3
2015-07-31,2015-07-31,11,8,15.1,9.8,18.9,71.5,14.0,8.0,43.0,18.0,40.0,1.0,0.06666666666666667,15
2015-08-01,2015-08-01,16,11,14.6,10.1,18.1,75.4,15.0,10.0,34.0,18.0,38.0,2.0,0.0,0
2015-08-02,2015-08-02,11,8,17.7,15.6,19.7,79.7,14.0,7.0,29.0,9.0,56.0,1.0,0.0,0
2015-08-03,2015-08-03,7,5,17.4,15.9,19.7,83.5,17.0,7.0,21.0,6.0,55.0,1.0,0.0,13
2015-08-04,2015-08-04,11,7,17.3,15.1,20.3,76.3,19.0,6.0,22.0,6.0,54.0,0.0,0.0,0
2015-08-05,2015-08-05,12,6,16.8,12.6,20.6,87.6,17.0,6.0,35.0,11.0,43.0,2.0,0.19047619047619047,21
2015-08-06,2015-08-06,11,9,17.1,13.3,21.2,85.2,10.0,4.0,25.0,8.0,42.0,1.0,0.0,0
2015-08-07,2015-08-07,5,2,18.9,16.0,21.9,84.3,11.0,6.0,31.0,9.0,40.0,1.0,0.11764705882352941,17
2015-08-08,2015-08-08,13,7,16.4,14.6,19.4,85.0,21.0,13.0,32.0,6.0,49.0,1.0,0.0,0
2015-08-09,2015-08-09,19,11,15.2,11.2,18.9,87.5,10.0,7.0,26.0,10.0,36.0,1.0,0.0,0
2015-08-10,2015-08-10,8,5,15.2,11.3,18.9,88.8,5.0,3.0,22.0,10.0,24.0,1.0,0.0,19
2015-08-11,2015-08-11,8,2,17.0,13.8,20.9,85.2,13.0,7.0,38.0,16.0,17.0,1.0,0.0,13
2015-08-12,2015-08-12,7,5,17.6,13.0,22.5,83.1,14.0,8.0,26.0,7.0,31.0,1.0,0.0,6
2015-08-13,2015-08-13,8,4,17.6,13.5,22.1,81.1,19.0,15.0,26.0,5.0,27.0,2.0,0.0,6
2015-08-14,2015-08-14,10,5,18.2,14.1,23.5,78.1,10.0,8.0,24.0,11.0,17.0,1.0,0.125,8
2015-08-15,2015-08-15,12,8,17.2,14.4,19.9,78.7,10.0,5.0,15.0,3.0,37.0,1.0,0.0,0
2015-08-16,2015-08-16,8,5,17.4,13.2,21.6,80.3,9.0,6.0,23.0,5.0,36.0,1.0,0.0,0
2015-08-17,2015-08-17,14,12,17.7,13.2,21.4,78.7,17.0,11.0,36.0,10.0,32.0,1.0,0.07142857142857142,14
2015-08-18,2015-08-18,8,3,19.2,16.2,25.1,73.1,18.0,11.0,34.0,7.0,35.0,1.0,0.0,1
2015-08-19,2015-08-19,13,6,17.0,14.3,18.5,70.5,8.0,5.0,30.0,12.0,33.0,1.0,0.0,15
2015-08-20,2015-08-20,11,10,16.8,14.9,17.8,75.4,8.0,5.0,30.0,12.0,16.0,1.0,0.0,0
2015-08-21,2015-08-21,11,9,16.8,14.8,20.5,76.1,8.0,5.0,30.0,12.0,19.0,1.0,0.2,10
2015-08-22,2015-08-22,6,4,17.9,16.8,19.3,86.4,8.0,5.0,30.0,12.0,32.0,1.0,0.0,0
2015-08-23,2015-08-23,11,7,19.5,15.4,22.9,85.8,8.0,5.0,30.0,12.0,44.0,1.0,0.0,0
2015-08-24,2015-08-24,12,9,22.6,18.1,29.8,90.1,8.0,5.0,30.0,12.0,32.0,1.0,0.3125,16
2015-08-25,2015-08-25,6,4,21.6,19.0,25.8,92.0,13.0,5.0,30.0,12.0,30.0,1.0,0.0,8
2015-08-26,2015-08-26,7,4,20.2,16.3,24.9,85.9,14.0,5.0,30.0,12.0,46.0,1.0,0.0,10
2015-08-27,2015-08-27,8,6,18.8,15.9,22.9,82.6,12.0,5.0,30.0,12.0,35.0,1.0,0.0,0
2015-08-28,2015-08-28,7,4,17.4,16.3,18.3,83.2,12.0,5.0,30.0,12.0,28.0,2.0,0.1,10
2015-08-29,2015-08-29,11,7,18.4,15.1,22.8,89.0,12.0,7.0,31.0,9.0,34.0,1.0,0.0,0
2015-08-30,2015-08-30,12,6,18.0,13.7,22.5,80.8,14.0,10.0,16.0,2.0,42.0,1.0,0.0,0
2015-08-31,2015-08-31,20,10,16.9,13.3,19.9,77.9,8.0,6.0,14.0,3.0,37.0,1.0,0.1111111111111111,9
2015-09-01,2015-09-01,7,5,14.9,12.1,19.4,77.5,10.0,6.0,16.0,3.0,40.0,2.0,0.0,1
2015-09-02,2015-09-02,16,9,13.6,9.7,18.7,81.0,6.0,4.0,16.0,4.0,40.0,1.0,0.3333333333333333,6
2015-09-03,2015-09-03,12,9,13.0,9.6,15.3,83.4,7.0,4.0,21.0,5.0,37.0,1.0,0.0,0
2015-09-04,2015-09-04,10,8,14.0,11.7,16.9,82.1,10.0,6.0,26.0,8.0,32.0,1.0,0.0,11
2015-09-05,2015-09-05,13,8,13.0,9.7,15.7,80.3,11.0,7.0,23.0,7.0,25.0,1.0,0.0,0
2015-09-06,2015-09-06,17,13,13.0,7.7,18.5,84.0,15.0,10.0,27.0,12.0,29.0,1.0,0.0,0
2015-09-07,2015-09-07,13,8,14.8,9.9,20.2,85.0,12.0,7.0,24.0,7.0,32.0,1.0,0.16666666666666666,12
2015-09-08,2015-09-08,9,5,13.8,9.8,18.5,81.8,11.0,7.0,30.0,9.0,24.0,1.0,0.1111111111111111,9
2015-09-09,2015-09-09,15,8,14.6,10.6,18.5,91.4,14.0,10.0,31.0,7.0,34.0,1.0,0.0,0
2015-09-10,2015-09-10,9,8,16.0,12.0,19.9,82.1,22.0,14.0,33.0,9.0,37.0,1.0,0.17391304347826086,23
2015-09-11,2015-09-11,20,14,16.3,13.3,18.6,81.7,21.0,12.0,32.0,9.0,47.0,1.0,0.0,6
2015-09-12,2015-09-12,25,16,16.0,13.2,17.8,81.1,10.0,4.0,23.0,7.0,45.0,1.0,0.0,1
2015-09-13,2015-09-13,22,14,14.2,12.2,16.0,85.9,10.0,5.0,23.0,8.0,36.0,1.0,0.0,0
2015-09-14,2015-09-14,16,14,13.8,11.0,16.0,80.9,8.0,5.0,22.0,10.0,40.0,1.0,0.029411764705882353,34
2015-09-15,2015-09-15,13,9,13.6,10.1,16.9,91.2,12.0,5.0,33.0,13.0,36.0,1.0,0.0,7
2015-09-16,2015-09-16,18,10,12.9,11.4,14.8,91.8,7.0,3.0,20.0,4.0,39.0,1.0,0.0,2
2015-09-17,2015-09-17,19,14,13.5,10.0,17.1,88.3,15.0,8.0,31.0,13.0,33.0,2.0,0.3,10
2015-09-18,2015-09-18,9,7,14.5,11.9,17.1,89.3,9.0,5.0,34.0,13.0,27.0,2.0,0.0,14
2015-09-19,2015-09-19,12,10,12.7,9.1,17.8,87.3,15.0,11.0,33.0,13.0,23.0,1.0,0.0,0
2015-09-20,2015-09-20,10,5,13.6,9.3,17.1,95.2,19.0,16.0,33.0,21.0,31.0,1.0,0.0,0
2015-09-21,2015-09-21,13,8,13.5,11.0,15.0,96.0,10.0,7.0,41.0,15.0,29.0,3.0,0.1111111111111111,18
2015-09-22,2015-09-22,21,15,12.0,10.2,14.1,94.5,5.0,3.0,24.0,5.0,28.0,2.0,0.0,9
2015-09-23,2015-09-23,11,8,12.7,7.8,16.7,94.6,10.0,4.0,34.0,23.0,28.0,2.0,0.0,9
2015-09-24,2015-09-24,12,8,14.6,11.0,17.0,93.8,9.0,4.0,29.0,14.0,30.0,1.0,0.14285714285714285,14
2015-09-25,2015-09-25,15,11,13.0,9.7,16.6,94.9,9.0,4.0,29.0,14.0,30.0,1.0,0.0,5
2015-09-26,2015-09-26,20,13,13.0,9.7,16.6,93.7,9.0,4.0,46.0,28.0,18.0,2.0,0.0,0
2015-09-27,2015-09-27,19,13,13.0,9.7,16.6,94.3,9.0,4.0,26.0,6.0,38.0,1.0,0.0,0
2015-09-28,2015-09-28,12,9,15.8,13.2,18.3,83.3,9.0,4.0,28.0,10.0,34.0,1.0,0.08333333333333333,24
2015-09-29,2015-09-29,12,10,14.3,10.8,18.8,91.0,9.0,4.0,26.0,5.0,37.0,1.0,0.0,5
2015-09-30,2015-09-30,18,9,13.7,10.2,17.7,82.8,19.0,12.0,28.0,5.0,34.0,1.0,0.0,8
2015-10-01,2015-10-01,9,4,13.6,9.8,17.7,90.5,19.0,11.0,36.0,7.0,29.0,1.0,0.0,6
2015-10-02,2015-10-02,15,10,13.1,8.8,17.4,75.8,29.0,20.0,52.0,25.0,17.0,3.0,0.045454545454545456,22
2015-10-03,2015-10-03,15,8,11.1,6.9,14.5,83.0,32.0,25.0,43.0,21.0,25.0,1.0,0.0,0
2015-10-04,2015-10-04,25,10,11.1,6.9,14.5,88.8,32.0,24.0,33.0,20.0,41.0,2.0,0.0,0
2015-10-05,2015-10-05,20,15,11.1,6.9,14.5,83.7,32.0,24.0,33.0,20.0,41.0,2.0,0.0,20
2015-10-06,2015-10-06,18,12,15.4,13.9,17.2,87.5,32.0,24.0,33.0,20.0,41.0,2.0,0.0625,16
2015-10-07,2015-10-07,16,12,12.9,8.8,14.7,79.4,8.0,4.0,28.0,6.0,28.0,2.0,0.36363636363636365,11
2015-10-08,2015-10-08,15,8,11.2,7.0,16.0,84.1,19.0,13.0,52.0,57.0,15.0,3.0,0.0,1
2015-10-09,2015-10-09,14,10,12.2,7.4,15.6,88.9,25.0,17.0,59.0,72.0,12.0,4.0,0.08,25
2015-10-10,2015-10-10,24,16,12.0,9.1,15.3,71.8,21.0,17.0,33.0,9.0,18.0,1.0,0.25,4
2015-10-11,2015-10-11,24,12,12.6,10.6,15.6,83.2,32.0,25.0,25.0,4.0,27.0,1.0,0.0,0
2015-10-12,2015-10-12,25,12,10.6,7.1,14.4,87.9,24.0,17.0,28.0,6.0,32.0,1.0,0.09523809523809523,21
2015-10-13,2015-10-13,15,11,9.9,7.0,12.7,85.7,16.0,9.0,29.0,5.0,32.0,1.0,0.0,0
2015-10-14,2015-10-14,14,9,9.5,6.4,13.2,85.9,12.0,7.0,25.0,5.0,37.0,1.0,0.06666666666666667,15
2015-10-15,2015-10-15,8,5,10.2,8.2,12.5,87.4,15.0,11.0,26.0,6.0,28.0,1.0,0.0,0
2015-10-16,2015-10-16,11,8,11.5,10.1,13.2,93.1,27.0,19.0,20.0,3.0,41.0,1.0,0.037037037037037035,27
2015-10-17,2015-10-17,18,12,11.0,9.8,12.4,81.0,21.0,14.0,22.0,3.0,41.0,1.0,0.0,0
2015-10-18,2015-10-18,24,15,12.0,10.5,14.1,79.3,15.0,12.0,22.0,5.0,27.0,1.0,0.0,0
2015-10-19,2015-10-19,27,15,11.9,11.0,13.1,84.2,13.0,8.0,26.0,4.0,27.0,1.0,0.14285714285714285,28
2015-10-20,2015-10-20,17,12,11.8,9.3,15.6,84.6,20.0,15.0,38.0,15.0,18.0,1.0,0.0,10
2015-10-21,2015-10-21,14,10,12.0,9.1,14.7,75.6,10.0,7.0,45.0,20.0,17.0,2.0,0.07142857142857142,14
2015-10-22,2015-10-22,12,6,13.0,11.4,14.0,83.4,13.0,7.0,38.0,10.0,33.0,1.0,0.06666666666666667,15
2015-10-23,2015-10-23,14,10,12.1,10.5,13.5,82.2,20.0,10.0,58.0,36.0,15.0,3.0,0.07142857142857142,28
2015-10-24,2015-10-24,14,10,12.3,7.3,14.3,75.3,10.0,5.0,31.0,7.0,33.0,2.0,0.0,0
2015-10-25,2015-10-25,21,12,8.9,5.2,12.1,82.5,13.0,8.0,38.0,17.0,18.0,2.0,0.0,0
2015-10-26,2015-10-26,17,12,12.6,11.5,13.4,91.9,19.0,12.0,33.0,12.0,25.0,1.0,0.041666666666666664,24
2015-10-27,2015-10-27,14,7,13.6,11.7,15.2,82.5,22.0,15.0,42.0,19.0,13.0,2.0,0.0,14
2015-10-28,2015-10-28,20,13,12.6,10.6,14.6,85.5,13.0,8.0,46.0,34.0,16.0,3.0,0.3333333333333333,12
2015-10-29,2015-10-29,23,16,13.2,11.8,14.3,79.0,13.0,6.0,39.0,13.0,32.0,2.0,0.125,8
2015-10-30,2015-10-30,10,7,14.4,12.9,15.5,86.7,15.0,8.0,36.0,16.0,21.0,1.0,0.07142857142857142,14
2015-10-31,2015-10-31,15,11,12.9,11.0,14.1,89.3,30.0,21.0,35.0,27.0,10.0,2.0,0.25,12
2015-11-01,2015-11-01,25,10,11.7,9.4,14.0,85.4,28.0,25.0,73.0,49.0,5.0,2.0,0.0,0
2015-11-02,2015-11-02,12,8,10.7,8.2,12.7,83.2,25.0,20.0,67.0,43.0,9.0,3.0,0.09090909090909091,22
2015-11-03,2015-11-03,13,9,12.4,11.0,13.8,94.4,25.0,18.0,92.0,30.0,8.0,2.0,0.05263157894736842,19
2015-11-04,2015-11-04,11,7,13.2,11.8,14.2,90.2,15.0,10.0,95.0,37.0,16.0,2.0,0.21052631578947367,19
2015-11-05,2015-11-05,15,11,14.3,13.6,15.0,86.9,14.0,8.0,55.0,14.0,36.0,1.0,0.16666666666666666,12
2015-11-06,2015-11-06,17,9,14.6,13.1,15.8,89.8,7.0,2.0,49.0,11.0,38.0,1.0,0.0,12
2015-11-07,2015-11-07,12,6,14.6,11.4,16.6,88.5,16.0,8.0,60.0,29.0,28.0,1.0,0.0,0
2015-11-08,2015-11-08,16,10,13.9,10.8,15.8,82.0,16.0,8.0,63.0,15.0,27.0,1.0,0.0,0
2015-11-09,2015-11-09,20,11,13.0,10.0,14.4,87.0,17.0,5.0,60.0,8.0,51.0,2.0,0.30434782608695654,23
2015-11-10,2015-11-10,18,9,14.0,13.5,14.5,90.2,17.0,6.0,55.0,10.0,48.0,1.0,0.36363636363636365,11
2015-11-11,2015-11-11,16,9,13.9,13.5,14.5,78.9,13.0,5.0,76.0,12.0,48.0,2.0,0.2777777777777778,18
2015-11-12,2015-11-12,12,6,13.5,11.8,14.7,77.6,13.0,6.0,98.0,36.0,36.0,2.0,0.2857142857142857,7
2015-11-13,2015-11-13,17,10,10.3,8.9,12.9,85.0,14.0,5.0,83.0,14.0,40.0,2.0,0.25,20
2015-11-14,2015-11-14,11,7,11.3,8.9,14.5,85.1,9.0,3.0,39.0,8.0,46.0,2.0,0.5,6
2015-11-15,2015-11-15,22,13,14.0,12.9,14.7,87.1,15.0,6.0,23.0,4.0,50.0,1.0,0.0,0
2015-11-16,2015-11-16,14,9,12.9,11.6,14.1,80.9,13.0,4.0,39.0,12.0,44.0,1.0,0.2,10
2015-11-17,2015-11-17,14,11,14.0,12.7,15.8,81.2,16.0,6.0,31.0,8.0,46.0,1.0,0.21428571428571427,14
2015-11-18,2015-11-18,19,12,13.4,11.8,14.3,79.7,20.0,9.0,40.0,9.0,46.0,1.0,0.35714285714285715,14
2015-11-19,2015-11-19,18,14,11.3,9.6,13.1,76.6,12.0,5.0,54.0,17.0,28.0,1.0,0.4,25
2015-11-20,2015-11-20,14,7,7.9,5.2,9.7,88.3,11.0,5.0,57.0,28.0,16.0,3.0,0.625,16
2015-11-21,2015-11-21,17,5,3.9,1.6,5.8,89.1,7.0,4.0,35.0,4.0,48.0,2.0,0.2,25
2015-11-22,2015-11-22,17,14,3.6,0.4,6.5,87.0,13.0,10.0,45.0,25.0,17.0,3.0,0.0,0
2015-11-23,2015-11-23,17,12,6.1,0.5,9.4,84.5,23.0,15.0,45.0,25.0,11.0,3.0,0.4444444444444444,27
2015-11-24,2015-11-24,11,5,9.2,7.8,10.9,93.3,10.0,6.0,39.0,16.0,29.0,3.0,0.5263157894736842,19
2015-11-25,2015-11-25,19,13,9.6,8.7,11.4,91.5,5.0,3.0,25.0,4.0,39.0,2.0,0.16666666666666666,12
2015-11-26,2015-11-26,19,12,10.0,8.3,11.9,81.2,17.0,9.0,39.0,17.0,19.0,1.0,0.5217391304347826,23
2015-11-27,2015-11-27,14,10,10.8,6.0,12.3,88.8,6.0,3.0,26.0,9.0,40.0,2.0,0.21052631578947367,19
2015-11-28,2015-11-28,20,9,7.9,3.4,11.1,86.2,11.0,5.0,34.0,8.0,43.0,2.0,0.3333333333333333,9
2015-11-29,2015-11-29,25,14,11.7,10.3,13.0,80.6,16.0,7.0,25.0,4.0,55.0,2.0,0.0,0
2015-11-30,2015-11-30,27,13,12.2,10.1,13.2,89.9,12.0,5.0,36.0,9.0,43.0,2.0,0.5172413793103449,29
2015-12-01,2015-12-01,21,12,13.1,12.4,13.9,81.1,12.0,5.0,40.0,10.0,40.0,1.0,0.16,25
2015-12-02,2015-12-02,27,10,12.6,10.8,13.3,79.4,17.0,8.0,24.0,7.0,55.0,1.0,0.5,18
2015-12-03,2015-12-03,15,11,12.7,11.3,13.7,80.5,23.0,10.0,31.0,11.0,41.0,3.0,0.4583333333333333,24
2015-12-04,2015-12-04,10,8,10.5,5.9,12.6,79.7,13.0,5.0,31.0,12.0,43.0,2.0,0.625,8
2015-12-05,2015-12-05,22,12,12.2,11.1,12.8,87.0,19.0,6.0,15.0,4.0,65.0,1.0,0.6428571428571429,14
2015-12-06,2015-12-06,24,11,12.7,12.1,13.5,94.7,16.0,6.0,15.0,4.0,59.0,2.0,1.0,2
2015-12-07,2015-12-07,20,10,12.7,11.9,14.2,84.1,23.0,6.0,15.0,4.0,31.0,2.0,0.5357142857142857,28
2015-12-08,2015-12-08,4,2,11.3,7.2,13.4,83.4,18.0,9.0,15.0,4.0,41.0,2.0,0.4090909090909091,22
2015-12-09,2015-12-09,11,7,11.3,7.2,13.4,82.1,18.0,8.0,15.0,4.0,32.0,3.0,0.4,20
2015-12-10,2015-12-10,21,13,11.1,10.1,12.4,77.2,13.0,6.0,15.0,4.0,55.0,1.0,0.25,32
2015-12-11,2015-12-11,12,7,9.8,7.3,11.3,89.8,12.0,6.0,15.0,4.0,24.0,2.0,0.42105263157894735,19
2015-12-12,2015-12-12,19,14,10.5,7.1,12.7,94.0,16.0,8.0,15.0,4.0,35.0,2.0,0.3684210526315789,19
2015-12-13,2015-12-13,26,19,11.5,10.3,12.8,96.4,18.0,10.0,15.0,4.0,37.0,2.0,0.0,0
2015-12-14,2015-12-14,16,11,10.0,9.3,10.9,88.8,20.0,13.0,15.0,4.0,22.0,5.0,0.22727272727272727,22
2015-12-15,2015-12-15,16,10,11.9,10.7,13.8,89.2,25.0,14.0,15.0,4.0,18.0,2.0,0.375,24
2015-12-16,2015-12-16,12,7,13.4,12.6,14.1,92.1,23.0,10.0,30.0,9.0,42.0,1.0,0.3333333333333333,6
2015-12-17,2015-12-17,7,5,13.5,11.7,15.9,81.1,40.0,18.0,33.0,13.0,24.0,2.0,0.35,40
2015-12-18,2015-12-18,25,15,12.6,12.1,13.3,87.9,22.0,9.0,30.0,8.0,38.0,2.0,0.4074074074074074,27
2015-12-19,2015-12-19,21,9,14.4,13.0,15.8,82.9,27.0,14.0,31.0,14.0,24.0,2.0,0.6666666666666666,6
2015-12-20,2015-12-20,18,13,12.0,8.8,14.9,88.8,19.0,7.0,21.0,3.0,53.0,2.0,0.0,0
2015-12-21,2015-12-21,26,14,10.8,8.4,13.1,85.4,13.0,4.0,35.0,11.0,43.0,2.0,0.4411764705882353,34
2015-12-22,2015-12-22,15,8,12.8,10.2,14.1,85.4,10.0,3.0,19.0,5.0,54.0,2.0,0.38461538461538464,26
2015-12-23,2015-12-23,14,9,11.2,9.3,12.1,85.4,21.0,7.0,26.0,7.0,50.0,1.0,0.42857142857142855,14
2015-12-24,2015-12-24,18,10,10.4,7.9,12.8,85.4,15.0,5.0,25.0,5.0,50.0,2.0,0.16666666666666666,12
2015-12-25,2015-12-25,24,14,11.6,8.2,14.3,85.4,16.0,6.0,12.0,1.0,56.0,2.0,0.0,0
2015-12-26,2015-12-26,16,11,13.6,13.1,14.1,85.4,25.0,10.0,8.0,2.0,54.0,1.0,0.24242424242424243,33
2015-12-27,2015-12-27,24,19,13.2,11.9,13.7,85.4,71.0,30.0,18.0,4.0,45.0,1.0,0.5,2
2015-12-28,2015-12-28,29,21,12.0,10.7,13.1,85.4,32.0,15.0,23.0,7.0,31.0,3.0,0.25,28
2015-12-29,2015-12-29,12,9,11.1,8.8,12.5,85.4,16.0,6.0,29.0,9.0,48.0,2.0,0.4074074074074074,27
2015-12-30,2015-12-30,17,11,11.9,9.3,13.4,85.4,16.0,5.0,17.0,5.0,52.0,5.0,0.8333333333333334,6
2015-12-31,2015-12-31,21,11,8.9,5.7,11.2,74.0,15.0,4.0,24.0,6.0,53.0,2.0,0.2857142857142857,21
2016-01-01,2016-01-01,15,9,7.9,4.3,10.4,79.0,42.0,31.0,26.0,20.0,41.0,3.0,0.3076923076923077,13
2016-01-02,2016-01-02,18,11,10.6,8.7,11.9,74.4,10.0,3.0,26.0,9.0,42.0,2.0,0.5,10
2016-01-03,2016-01-03,28,19,8.8,7.1,9.9,85.9,14.0,4.0,35.0,9.0,43.0,5.0,0.0,0
2016-01-04,2016-01-04,22,17,9.2,8.1,10.3,87.6,14.0,4.0,38.0,13.0,41.0,1.0,0.42857142857142855,28
2016-01-05,2016-01-05,18,13,8.8,7.3,10.2,91.1,24.0,4.0,79.0,121.0,13.0,6.0,0.45454545454545453,22
2016-01-06,2016-01-06,15,9,7.4,5.6,9.6,89.8,23.0,17.0,49.0,43.0,11.0,4.0,0.3181818181818182,22
2016-01-07,2016-01-07,11,11,7.9,5.1,11.4,89.4,23.0,17.0,32.0,9.0,43.0,3.0,0.21052631578947367,19
2016-01-08,2016-01-08,19,15,8.1,5.8,9.9,80.6,14.0,5.0,55.0,25.0,25.0,2.0,0.3,10
2016-01-09,2016-01-09,25,18,9.6,6.6,11.1,85.8,13.0,3.0,24.0,5.0,56.0,3.0,0.2727272727272727,22
2016-01-10,2016-01-10,18,12,7.3,5.6,8.7,77.7,12.0,5.0,44.0,16.0,38.0,2.0,0.0,0
2016-01-11,2016-01-11,26,21,6.3,4.8,8.7,65.9,9.0,4.0,54.0,24.0,27.0,3.0,0.21428571428571427,28
2016-01-12,2016-01-12,21,14,6.1,4.5,7.5,62.4,11.0,5.0,29.0,8.0,38.0,4.0,0.1111111111111111,9
2016-01-13,2016-01-13,9,4,5.5,2.0,8.0,67.3,13.0,5.0,46.0,23.0,32.0,2.0,0.15625,32
2016-01-14,2016-01-14,14,12,4.1,1.9,6.2,72.4,6.0,3.0,37.0,10.0,39.0,2.0,0.16666666666666666,6
2016-01-15,2016-01-15,6,1,3.5,1.8,5.6,87.2,8.0,5.0,38.0,10.0,31.0,2.0,0.18518518518518517,27
2016-01-16,2016-01-16,20,14,2.7,0.4,4.5,74.3,20.0,14.0,46.0,39.0,20.0,3.0,0.0,0
2016-01-17,2016-01-17,15,10,4.5,2.0,7.1,76.3,17.0,13.0,30.0,18.0,35.0,3.0,0.0,0
2016-01-18,2016-01-18,15,8,4.4,0.7,6.5,82.3,17.0,10.0,34.0,13.0,36.0,2.0,0.15384615384615385,26
2016-01-19,2016-01-19,12,8,0.5,-1.1,5.7,85.3,36.0,28.0,67.0,99.0,15.0,5.0,0.2222222222222222,9
2016-01-20,2016-01-20,23,14,2.2,-1.8,5.7,79.2,46.0,40.0,71.0,127.0,13.0,6.0,0.47619047619047616,21
2016-01-21,2016-01-21,14,10,6.7,4.3,8.4,70.0,20.0,12.0,41.0,20.0,29.0,4.0,0.3333333333333333,18
2016-01-22,2016-01-22,15,9,8.9,6.2,12.5,80.8,20.0,10.0,40.0,19.0,26.0,3.0,0.2631578947368421,19
2016-01-23,2016-01-23,16,8,8.7,7.4,9.8,94.6,24.0,10.0,41.0,49.0,25.0,3.0,0.125,16
2016-01-24,2016-01-24,23,11,11.8,9.8,14.6,79.6,14.0,6.0,22.0,8.0,25.0,2.0,0.0,0
2016-01-25,2016-01-25,21,6,10.8,7.9,13.6,81.2,19.0,8.0,33.0,14.0,27.0,2.0,0.23076923076923078,13
2016-01-26,2016-01-26,12,6,9.7,7.7,10.9,87.1,19.0,6.0,20.0,5.0,52.0,1.0,0.26666666666666666,15
2016-01-27,2016-01-27,16,12,10.5,6.8,11.8,84.1,9.0,1.0,20.0,5.0,54.0,3.0,0.19230769230769232,26
2016-01-28,2016-01-28,14,9,7.1,3.6,9.9,72.2,17.0,5.0,38.0,20.0,33.0,1.0,0.2631578947368421,19
2016-01-29,2016-01-29,11,7,10.4,9.4,11.2,75.0,10.0,3.0,17.0,5.0,63.0,2.0,0.40476190476190477,42
2016-01-30,2016-01-30,13,8,7.5,5.4,10.5,77.1,10.0,3.0,34.0,8.0,44.0,2.0,0.14285714285714285,7
2016-01-31,2016-01-31,19,10,10.3,5.4,13.8,70.8,10.0,3.0,30.0,6.0,40.0,2.0,0.0,0
2016-02-01,2016-02-01,20,11,11.6,10.1,12.7,85.6,18.0,8.0,27.0,5.0,52.0,1.0,0.2682926829268293,41
2016-02-02,2016-02-02,15,9,8.4,5.2,10.5,76.9,16.0,6.0,38.0,8.0,42.0,1.0,0.16129032258064516,31
2016-02-03,2016-02-03,16,9,5.9,3.0,8.9,73.0,16.0,6.0,35.0,8.0,34.0,2.0,0.15384615384615385,13
2016-02-04,2016-02-04,20,16,10.1,4.9,12.7,75.0,16.0,6.0,34.0,9.0,34.0,2.0,0.15,20
2016-02-05,2016-02-05,13,6,9.9,9.0,10.6,74.5,16.0,6.0,21.0,6.0,54.0,3.0,0.45454545454545453,22
2016-02-06,2016-02-06,10,5,10.1,6.3,11.8,74.4,16.0,8.0,15.0,4.0,66.0,4.0,0.16666666666666666,12
2016-02-07,2016-02-07,20,9,7.9,5.8,11.1,86.7,16.0,5.0,16.0,4.0,61.0,2.0,0.0,0
2016-02-08,2016-02-08,11,7,8.3,6.7,9.8,75.5,16.0,9.0,32.0,9.0,53.0,3.0,0.15,20
2016-02-09,2016-02-09,13,6,5.5,3.7,7.4,89.3,16.0,6.0,43.0,16.0,39.0,3.0,0.08,25
2016-02-10,2016-02-10,10,6,5.7,3.4,8.4,82.7,16.0,8.0,43.0,22.0,29.0,2.0,0.14285714285714285,21
2016-02-11,2016-02-11,12,6,4.4,0.1,8.3,79.5,16.0,19.0,62.0,106.0,9.0,5.0,0.3103448275862069,29
2016-02-12,2016-02-12,9,7,5.3,4.7,6.9,78.7,16.0,10.0,42.0,13.0,30.0,3.0,0.08333333333333333,24
2016-02-13,2016-02-13,16,5,4.4,3.6,6.2,79.2,13.0,11.0,29.0,6.0,32.0,5.0,0.375,16
2016-02-14,2016-02-14,24,13,4.0,2.1,6.8,76.0,17.0,12.0,22.0,4.0,41.0,3.0,0.0,1
2016-02-15,2016-02-15,8,5,3.0,0.7,5.9,80.7,13.0,8.0,29.0,6.0,39.0,2.0,0.3333333333333333,15
2016-02-16,2016-02-16,23,14,3.4,-0.7,6.8,70.5,23.0,15.0,49.0,51.0,22.0,4.0,0.10526315789473684,19
2016-02-17,2016-02-17,11,7,5.7,4.3,6.4,83.0,18.0,10.0,41.0,14.0,37.0,2.0,0.20833333333333334,24
2016-02-18,2016-02-18,11,9,4.8,2.5,7.4,88.1,14.0,9.0,36.0,17.0,31.0,3.0,0.0,15
2016-02-19,2016-02-19,14,8,6.2,2.0,9.6,87.3,19.0,12.0,39.0,65.0,34.0,4.0,0.3,20
2016-02-20,2016-02-20,13,8,10.6,8.8,12.0,76.8,7.0,3.0,40.0,8.0,36.0,1.0,0.6666666666666666,3
2016-02-21,2016-02-21,13,9,11.4,10.8,12.7,76.2,14.0,6.0,21.0,4.0,51.0,1.0,0.0,0
2016-02-22,2016-02-22,20,20,8.3,5.4,11.1,79.0,14.0,6.0,21.0,4.0,36.0,2.0,0.25925925925925924,27
2016-02-23,2016-02-23,13,9,6.0,3.2,9.6,79.0,14.0,6.0,43.0,36.0,27.0,2.0,0.13043478260869565,23
2016-02-24,2016-02-24,20,14,4.2,1.4,7.6,75.7,14.0,6.0,54.0,47.0,14.0,3.0,0.22727272727272727,22
2016-02-25,2016-02-25,11,8,3.2,-0.5,6.4,87.2,14.0,6.0,51.0,39.0,21.0,3.0,0.25806451612903225,31
2016-02-26,2016-02-26,22,14,5.1,3.4,6.6,84.4,14.0,6.0,51.0,20.0,29.0,4.0,0.3,30
2016-02-27,2016-02-27,20,12,4.6,3.2,6.3,76.2,14.0,6.0,30.0,6.0,43.0,3.0,0.2,15
2016-02-28,2016-02-28,15,10,4.5,2.4,7.4,85.8,14.0,6.0,26.0,4.0,50.0,2.0,0.29411764705882354,17
2016-02-29,2016-02-29,13,9,4.7,1.3,9.1,93.9,14.0,6.0,42.0,14.0,39.0,2.0,0.1875,32
2016-03-01,2016-03-01,10,5,9.2,5.0,12.3,77.1,10.0,4.0,33.0,9.0,47.0,4.0,0.15789473684210525,19
2016-03-02,2016-03-02,19,10,6.4,3.8,8.2,73.3,10.0,4.0,25.0,5.0,53.0,2.0,0.30434782608695654,23
2016-03-03,2016-03-03,12,8,6.7,4.5,9.3,77.3,9.0,4.0,25.0,7.0,51.0,1.0,0.3333333333333333,15
2016-03-04,2016-03-04,14,8,4.0,1.8,7.2,73.0,13.0,7.0,51.0,33.0,31.0,5.0,0.34285714285714286,35
2016-03-05,2016-03-05,13,6,3.4,0.0,7.3,60.9,15.0,10.0,33.0,8.0,36.0,2.0,0.16666666666666666,12
2016-03-06,2016-03-06,21,12,4.1,1.8,6.5,64.0,9.0,6.0,25.0,4.0,41.0,2.0,0.0,0
2016-03-07,2016-03-07,29,17,4.0,0.7,7.1,83.5,9.0,6.0,25.0,4.0,41.0,2.0,0.30303030303030304,33
2016-03-08,2016-03-08,18,9,4.8,-0.2,9.1,70.6,9.0,6.0,25.0,4.0,41.0,2.0,0.3448275862068966,29
2016-03-09,2016-03-09,17,13,6.6,5.7,8.7,65.5,9.0,5.0,26.0,5.0,41.0,4.0,0.3125,32
2016-03-10,2016-03-10,10,6,6.6,5.6,7.7,75.6,9.0,12.0,35.0,7.0,27.0,3.0,0.21428571428571427,56
2016-03-11,2016-03-11,11,5,6.1,2.7,10.9,69.0,9.0,42.0,56.0,23.0,22.0,2.0,0.1,10
2016-03-12,2016-03-12,11,8,6.3,2.0,10.3,81.1,9.0,65.0,69.0,66.0,15.0,3.0,0.16666666666666666,18
2016-03-13,2016-03-13,24,16,5.7,0.9,10.8,79.7,9.0,48.0,40.0,26.0,33.0,2.0,0.0,0
2016-03-14,2016-03-14,10,7,6.3,2.9,10.7,69.5,9.0,25.0,32.0,4.0,45.0,1.0,0.22727272727272727,44
2016-03-15,2016-03-15,14,4,6.4,2.0,11.2,71.3,28.0,22.0,34.0,6.0,37.0,1.0,0.5,24
2016-03-16,2016-03-16,14,9,7.3,4.8,9.1,83.4,21.0,17.0,27.0,5.0,41.0,1.0,0.25925925925925924,27
2016-03-17,2016-03-17,16,14,6.7,2.8,11.2,87.7,41.0,34.0,52.0,24.0,25.0,2.0,0.38461538461538464,13
2016-03-18,2016-03-18,11,7,4.5,1.0,7.2,76.3,26.0,22.0,41.0,22.0,27.0,3.0,0.21212121212121213,33
2016-03-19,2016-03-19,14,11,6.7,5.7,8.8,75.6,9.0,7.0,21.0,3.0,59.0,1.0,0.3333333333333333,12
2016-03-20,2016-03-20,14,9,6.7,5.2,8.9,62.7,16.0,11.0,33.0,7.0,50.0,1.0,0.0,0
2016-03-21,2016-03-21,12,7,8.8,5.5,11.9,61.2,25.0,17.0,47.0,19.0,33.0,3.0,0.5,28
2016-03-22,2016-03-22,14,9,7.8,3.3,12.8,70.2,30.0,22.0,54.0,29.0,28.0,3.0,0.25,16
2016-03-23,2016-03-23,14,7,8.7,5.4,13.4,61.9,40.0,32.0,41.0,20.0,33.0,3.0,0.3548387096774194,31
2016-03-24,2016-03-24,18,13,7.8,4.9,10.3,74.5,17.0,11.0,37.0,10.0,44.0,3.0,0.32142857142857145,28
2016-03-25,2016-03-25,23,18,9.6,7.5,14.3,93.7,10.0,6.0,23.0,4.0,57.0,1.0,0.23076923076923078,26
2016-03-26,2016-03-26,15,6,9.8,7.5,13.4,93.7,14.0,6.0,23.0,6.0,56.0,4.0,0.09090909090909091,11
2016-03-27,2016-03-27,14,9,7.9,4.9,9.7,88.1,14.0,4.0,21.0,5.0,60.0,2.0,0.0,0
2016-03-28,2016-03-28,28,18,7.8,5.6,10.3,77.1,9.0,3.0,28.0,8.0,52.0,4.0,0.16666666666666666,36
2016-03-29,2016-03-29,13,11,7.5,5.8,10.4,77.1,12.0,4.0,44.0,16.0,42.0,2.0,0.25,20
2016-03-30,2016-03-30,19,12,7.9,6.0,10.8,77.1,13.0,5.0,41.0,13.0,39.0,2.0,0.3793103448275862,29
2016-03-31,2016-03-31,14,9,8.3,5.4,12.0,77.1,32.0,7.0,41.0,5.0,39.0,2.0,0.3333333333333333,30
